,word,version,vid
0,chocolate,1,1
1,fudge,1,1
2,sweet,1,1
3,desert,1,1
4,delicious,1,1
5,chocolate,1,1
6,decadent,1,1
7,delicious,1,1
8,gooey,1,1
9,tasty,1,1
10,delicious,1,1
11,tempting,1,1
12,melting,1,1
13,chocolate,1,1
14,dessert,1,1
15,desert,1,1
16,chocolate,1,1
17,cake,1,1
18,icecream,1,1
19,delicious,1,1
20,chocolate,1,1
21,dessert,1,1
22,exciting,1,1
23,revealing,1,1
24,tasty,1,1
25,delicious,1,1
26,mouth-watering,1,1
27,sugar,1,1
28,calories,1,1
29,treat,1,1
30,yummy,1,1
31,chocolate,1,1
32,cake,1,1
33,mouth-watering,1,1
34,plate,1,1
35,chocolate,1,1
36,sweet,1,1
37,sauce,1,1
38,plate,1,1
39,strawberry,1,1
40,food,1,1
41,chocolate,1,1
42,plate,1,1
43,ball,1,1
44,pouring,1,1
45,dessert,1,1
46,chocolate,1,1
47,sauce,1,1
48,flow,1,1
49,delicious,1,1
50,melted-chocolate,1,1
51,ball,1,1
52,strawberry,1,1
53,dessert,1,1
54,food,1,1
55,delicious,1,1
56,satisfying,1,1
57,chocolate,1,1
58,dessert,1,1
59,sugary-treat,1,1
60,dessert,1,1
61,chocolate,1,1
62,sweet,1,1
63,pudding,1,1
64,delicious,1,1
65,satisfying,1,1
66,delicious,1,1
67,sweet,1,1
68,desert,1,1
69,tasty,1,1
70,chocolate,1,1
71,pudding,1,1
72,melting,1,1
73,sauce,1,1
74,fruit,1,1
75,chcocolate,1,1
76,melt,1,1
77,dessert,1,1
78,icecream,1,1
79,delicious,1,1
80,dessert,1,1
81,chocolate,1,1
82,caramel,1,1
83,fruit,1,1
84,dish,1,1
85,happy,1,1
86,nice,1,1
87,suger,1,1
88,comfort,1,1
89,delicious,1,1
90,dessert,1,1
91,chocolate,1,1
92,melting,1,1
93,icecream,1,1
94,pouring,1,1
95,chocolate,1,1
96,melt,1,1
97,expensive,1,1
98,fancy,1,1
99,dessert,1,1
100,hungry,2,1
101,excited,2,1
102,happy,2,1
103,satisfied,2,1
104,craving,2,1
105,hungry,2,1
106,sweet,2,1
107,happiness,2,1
108,content,2,1
109,satisfied,2,1
110,bored,2,1
111,nothing,2,1
112,gross,2,1
113,diabetic,2,1
114,full,2,1
115,calm,2,1
116,excited,2,1
117,hungry,2,1
118,happiness,2,1
119,tempted,2,1
120,interesting,2,1
121,delicious,2,1
122,surprising,2,1
123,hungry,2,1
124,excited,2,1
125,grossed-out,2,1
126,disgusted,2,1
127,curious,2,1
128,loss-of-appetite,2,1
129,anxious,2,1
130,tasty,2,1
131,sweet,2,1
132,hot,2,1
133,warm,2,1
134,sugar,2,1
135,hunger,2,1
136,desire,2,1
137,excite,2,1
138,salivate,2,1
139,motivated,2,1
140,salivating,2,1
141,aestetic,2,1
142,impressed,2,1
143,hungry,2,1
144,intrigued,2,1
145,hungry,2,1
146,jealous,2,1
147,smooth,2,1
148,yummy,2,1
149,guilty,2,1
150,hungry,2,1
151,satisfied,2,1
152,impressed,2,1
153,calm,2,1
154,relaxed,2,1
155,hungry,2,1
156,happy,2,1
157,mellow,2,1
158,desire,2,1
159,relaxed,2,1
160,hungry,2,1
161,happy,2,1
162,jealous,2,1
163,upset,2,1
164,excite,2,1
165,delighted,2,1
166,amazed,2,1
167,intrigued,2,1
168,happy,2,1
169,excited,2,1
170,sad,2,1
171,hungry,2,1
172,cold,2,1
173,disgust,2,1
174,hate,2,1
175,awe,2,1
176,desire,2,1
177,interest,2,1
178,excitement,2,1
179,delighted,2,1
180,fascinated,2,1
181,intrigued,2,1
182,hungry,2,1
183,calm,2,1
184,happy,2,1
185,excited,2,1
186,happiness,2,1
187,hungry,2,1
188,guilty,2,1
189,pleasure,2,1
190,mouth-watering,2,1
191,hunger,2,1
192,deliciousness,2,1
193,peckish,2,1
194,sweet-craving,2,1
195,crave,2,1
196,interested,2,1
197,full,2,1
198,greed,2,1
199,hungry,2,1
200,usa,1,2
201,flag,1,2
202,soldiers,1,2
203,proud,1,2
204,country,1,2
205,war,1,2
206,america,1,2
207,flag,1,2
208,soldiers,1,2
209,windy,1,2
210,inspiring,1,2
211,flag,1,2
212,war,1,2
213,america,1,2
214,soldiers,1,2
215,flag,1,2
216,soldiers,1,2
217,usa,1,2
218,men,1,2
219,army,1,2
220,war,1,2
221,american,1,2
222,flag,1,2
223,japan,1,2
224,winning,1,2
225,helpful,1,2
226,war,1,2
227,team,1,2
228,brothers,1,2
229,victory,1,2
230,war,1,2
231,independence,1,2
232,usa,1,2
233,soldiers,1,2
234,flag,1,2
235,men,1,2
236,flag,1,2
237,soldier,1,2
238,war,1,2
239,work,1,2
240,soldiers,1,2
241,usa-flag,1,2
242,victory,1,2
243,man,1,2
244,victory,1,2
245,flag,1,2
246,hoist,1,2
247,soldiers,1,2
248,war,1,2
249,patriotic,1,2
250,raising,1,2
251,flag,1,2
252,american,1,2
253,soldier,1,2
254,male,1,2
255,war,1,2
256,victory,1,2
257,america,1,2
258,freedom,1,2
259,democracy,1,2
260,flag,1,2
261,war,1,2
262,soldier,1,2
263,army,1,2
264,victory,1,2
265,war,1,2
266,old,1,2
267,historic,1,2
268,dangerous,1,2
269,divided,1,2
270,war,1,2
271,american,1,2
272,flag,1,2
273,film,1,2
274,black-and-white,1,2
275,war,1,2
276,victory,1,2
277,soldiers,1,2
278,unitedstates,1,2
279,dangerous,1,2
280,troops,1,2
281,flag,1,2
282,america,1,2
283,men,1,2
284,lift,1,2
285,fight,1,2
286,goverment,1,2
287,take-over,1,2
288,kill,1,2
289,homeless,1,2
290,war,1,2
291,victory,1,2
292,flag,1,2
293,history,1,2
294,overcome,1,2
295,flag,1,2
296,victory,1,2
297,iwo-jima,1,2
298,usa,1,2
299,world-war-2,1,2
300,triumphant,2,2
301,stoic,2,2
302,reserved,2,2
303,reflective,2,2
304,wondering,2,2
305,terror,2,2
306,hatred,2,2
307,fear,2,2
308,panic,2,2
309,pain,2,2
310,angry,2,2
311,curious,2,2
312,calm,2,2
313,confused,2,2
314,strong,2,2
315,nervous,2,2
316,afraid,2,2
317,calm,2,2
318,unsure,2,2
319,overwhelmed,2,2
320,proud,2,2
321,scared,2,2
322,excited,2,2
323,curious,2,2
324,happy,2,2
325,neutral,2,2
326,annoyed,2,2
327,indifferent,2,2
328,apathetic,2,2
329,disgusted,2,2
330,proud,2,2
331,strong,2,2
332,strength,2,2
333,war,2,2
334,hard,2,2
335,inspired,2,2
336,proud,2,2
337,strong,2,2
338,power,2,2
339,gratitude,2,2
340,confused,2,2
341,uncertain,2,2
342,victor,2,2
343,wartorn,2,2
344,ptsd,2,2
345,interested,2,2
346,inspired,2,2
347,goosebumps,2,2
348,admiring,2,2
349,patriotic,2,2
350,proud,2,2
351,impressed,2,2
352,bored,2,2
353,calm,2,2
354,happy,2,2
355,victorious,2,2
356,patriotic,2,2
357,proud,2,2
358,eased,2,2
359,grief,2,2
360,upset,2,2
361,focused,2,2
362,amused,2,2
363,angry,2,2
364,encouraged,2,2
365,bored,2,2
366,calm,2,2
367,dull,2,2
368,numb,2,2
369,impatient,2,2
370,amused,2,2
371,indifferent,2,2
372,bored,2,2
373,calm,2,2
374,shrug,2,2
375,admiration,2,2
376,awe,2,2
377,reverence,2,2
378,thankful,2,2
379,melancholy,2,2
380,neutral,2,2
381,intrigued,2,2
382,disgust,2,2
383,distracted,2,2
384,angry,2,2
385,proud,2,2
386,right,2,2
387,happy,2,2
388,safe,2,2
389,secure,2,2
390,proud,2,2
391,patriarchy,2,2
392,content,2,2
393,happy,2,2
394,supportive,2,2
395,calm,2,2
396,neutral,2,2
397,de-ja-vu,2,2
398,distant,2,2
399,known,2,2
400,men,1,3
401,people,1,3
402,walking,1,3
403,hitting,1,3
404,violence,1,3
405,bus,1,3
406,violence,1,3
407,punch,1,3
408,arrogant,1,3
409,evil,1,3
410,shocking,1,3
411,assault,1,3
412,thug,1,3
413,criminal,1,3
414,awful,1,3
415,scary,1,3
416,attack,1,3
417,bus,1,3
418,guys,1,3
419,bus-driver,1,3
420,assault,1,3
421,men,1,3
422,bus,1,3
423,hit,1,3
424,unprovoked,1,3
425,unacceptable,1,3
426,disgusted,1,3
427,disapointed,1,3
428,bully,1,3
429,foul,1,3
430,bus-driver,1,3
431,violence,1,3
432,bus,1,3
433,boys,1,3
434,hit,1,3
435,boys,1,3
436,walking,1,3
437,man,1,3
438,door,1,3
439,working,1,3
440,footage,1,3
441,customers,1,3
442,shop,1,3
443,que,1,3
444,buying,1,3
445,bus-driver,1,3
446,punch,1,3
447,anger,1,3
448,attack,1,3
449,men,1,3
450,bus,1,3
451,punch,1,3
452,saddening,1,3
453,enraging,1,3
454,ran,1,3
455,attack,1,3
456,violence,1,3
457,punch,1,3
458,unprovoked,1,3
459,violence,1,3
460,attack,1,3
461,assault,1,3
462,bus,1,3
463,crime,1,3
464,anger,1,3
465,mean,1,3
466,aggressive,1,3
467,selfish,1,3
468,sad,1,3
469,disgusting,1,3
470,bus,1,3
471,driver,1,3
472,men,1,3
473,assault,1,3
474,night,1,3
475,assault,1,3
476,security,1,3
477,violence,1,3
478,abuse,1,3
479,injury,1,3
480,table,1,3
481,desk,1,3
482,chair,1,3
483,working,1,3
484,men,1,3
485,wrong,1,3
486,why,1,3
487,calm,1,3
488,run,1,3
489,where,1,3
490,cctv,1,3
491,bus,1,3
492,random,1,3
493,violence,1,3
494,driver,1,3
495,bastard,1,3
496,thug,1,3
497,scum,1,3
498,violence,1,3
499,enraging,1,3
500,upset,2,3
501,horrified,2,3
502,taken-aback,2,3
503,disappointed,2,3
504,shocked,2,3
505,shocked,2,3
506,appalled,2,3
507,astonished,2,3
508,stunned,2,3
509,frightened,2,3
510,shock,2,3
511,confused,2,3
512,angry,2,3
513,disgust,2,3
514,mad,2,3
515,shocked,2,3
516,scared,2,3
517,angry,2,3
518,annoyed,2,3
519,sad,2,3
520,angry,2,3
521,afraid,2,3
522,sadness,2,3
523,frustration,2,3
524,pain,2,3
525,surprised,2,3
526,angry,2,3
527,confused,2,3
528,curious,2,3
529,sad,2,3
530,sad,2,3
531,mad,2,3
532,sadness,2,3
533,angry,2,3
534,afraid,2,3
535,anger,2,3
536,disgust,2,3
537,sick,2,3
538,agitated,2,3
539,irritated,2,3
540,shocked,2,3
541,violence,2,3
542,disrespectful,2,3
543,barbaric,2,3
544,confused,2,3
545,disgusted,2,3
546,sick,2,3
547,cowardly,2,3
548,evil,2,3
549,revengeful,2,3
550,disgusted,2,3
551,afraid,2,3
552,disappointed,2,3
553,angry,2,3
554,annoyed,2,3
555,anger,2,3
556,disgust,2,3
557,sadness,2,3
558,inquiring,2,3
559,annoyed,2,3
560,angry,2,3
561,upset,2,3
562,disgusted,2,3
563,wounded,2,3
564,sadness,2,3
565,annoyed,2,3
566,angry,2,3
567,incredulous,2,3
568,amazed,2,3
569,curious,2,3
570,confused,2,3
571,afraid,2,3
572,questionable,2,3
573,sad,2,3
574,sympathetic,2,3
575,anger,2,3
576,indignant,2,3
577,horrified,2,3
578,distressed,2,3
579,contempt,2,3
580,disgusted,2,3
581,angry,2,3
582,upset,2,3
583,dismayed,2,3
584,appalled,2,3
585,angry,2,3
586,worried,2,3
587,nonsense,2,3
588,crime,2,3
589,hate,2,3
590,angry,2,3
591,sad,2,3
592,worried,2,3
593,empathy,2,3
594,annoyed,2,3
595,shock,2,3
596,disgust,2,3
597,anger,2,3
598,sympathy,2,3
599,annoyed,2,3
600,rescue,1,4
601,boat,1,4
602,dog,1,4
603,iceberg,1,4
604,water,1,4
605,saviour,1,4
606,dog,1,4
607,men,1,4
608,ship,1,4
609,freezing,1,4
610,ice,1,4
611,cold,1,4
612,stuck,1,4
613,rescue,1,4
614,floating,1,4
615,russia,1,4
616,dog,1,4
617,ice,1,4
618,rescue,1,4
619,cold,1,4
620,rescue,1,4
621,dog,1,4
622,ice,1,4
623,floating,1,4
624,ship,1,4
625,stranded,1,4
626,lonely,1,4
627,scared,1,4
628,hopeful,1,4
629,lucky,1,4
630,rescue,1,4
631,dogs,1,4
632,sailors,1,4
633,iceberg,1,4
634,boat,1,4
635,ice,1,4
636,ship,1,4
637,dog,1,4
638,ocean,1,4
639,men,1,4
640,dog,1,4
641,snow,1,4
642,rescue,1,4
643,ship,1,4
644,man,1,4
645,dog,1,4
646,ice,1,4
647,boat,1,4
648,save,1,4
649,global-warming,1,4
650,swimming,1,4
651,saving,1,4
652,dog,1,4
653,ice,1,4
654,wholesome,1,4
655,rescue,1,4
656,love,1,4
657,dog,1,4
658,best-friend,1,4
659,cold,1,4
660,rescue,1,4
661,help,1,4
662,cold,1,4
663,compassion,1,4
664,solitary,1,4
665,kind,1,4
666,helpful,1,4
667,caring,1,4
668,cold,1,4
669,nice,1,4
670,goat,1,4
671,ice,1,4
672,sea,1,4
673,rescue,1,4
674,boat,1,4
675,ice,1,4
676,rescue,1,4
677,determination,1,4
678,animal,1,4
679,ocean,1,4
680,swimming,1,4
681,boat,1,4
682,goat,1,4
683,rescue,1,4
684,men,1,4
685,cold,1,4
686,freezing,1,4
687,scared,1,4
688,ice,1,4
689,sea,1,4
690,dog,1,4
691,rescue,1,4
692,found,1,4
693,cold,1,4
694,ice,1,4
695,kind,1,4
696,caring,1,4
697,rescue,1,4
698,heartwarming,1,4
699,dog,1,4
700,anxious,2,4
701,nervous,2,4
702,satisfied,2,4
703,curious,2,4
704,compassion,2,4
705,empathetic,2,4
706,warmth,2,4
707,relief,2,4
708,happiness,2,4
709,joy,2,4
710,sad,2,4
711,hopeful,2,4
712,safe,2,4
713,intrigued,2,4
714,relief,2,4
715,sad,2,4
716,happy,2,4
717,relieved,2,4
718,nervous,2,4
719,anxious,2,4
720,happiness,2,4
721,hopeful,2,4
722,calm,2,4
723,content,2,4
724,excited,2,4
725,heartwarming,2,4
726,hopeful,2,4
727,surprised,2,4
728,concerned,2,4
729,happy,2,4
730,happy,2,4
731,cold,2,4
732,scared,2,4
733,na,2,4
734,na,2,4
735,inspired,2,4
736,hopeful,2,4
737,relief,2,4
738,happy,2,4
739,admiration,2,4
740,faith,2,4
741,humanity,2,4
742,cute,2,4
743,freezing,2,4
744,polar,2,4
745,wonderful,2,4
746,happy,2,4
747,love,2,4
748,humankind,2,4
749,delighted,2,4
750,happy,2,4
751,thankful,2,4
752,entertained,2,4
753,impressed,2,4
754,joy,2,4
755,relief,2,4
756,caring,2,4
757,worry,2,4
758,hopefull,2,4
759,bewildered,2,4
760,motivated,2,4
761,happiness,2,4
762,encouraged,2,4
763,pleased,2,4
764,comforted,2,4
765,intrigued,2,4
766,interested,2,4
767,amused,2,4
768,happy,2,4
769,curious,2,4
770,happy,2,4
771,hopeful,2,4
772,joy,2,4
773,sadness,2,4
774,lonely,2,4
775,hopeful,2,4
776,thankful,2,4
777,relieved,2,4
778,pleased,2,4
779,curious,2,4
780,happy,2,4
781,perplexed,2,4
782,wondering,2,4
783,relieved,2,4
784,cold,2,4
785,happy,2,4
786,calm,2,4
787,love,2,4
788,caring,2,4
789,right,2,4
790,relief,2,4
791,worried,2,4
792,reassured,2,4
793,proud,2,4
794,grateful,2,4
795,on-tenderhooks,2,4
796,glad,2,4
797,suprised,2,4
798,captivated,2,4
799,happy-end,2,4
800,woman,1,5
801,floor,1,5
802,sick,1,5
803,vomiting,1,5
804,unwell,1,5
805,woman,1,5
806,sick,1,5
807,disgusting,1,5
808,floor,1,5
809,dress,1,5
810,disgusting,1,5
811,sick,1,5
812,graphic,1,5
813,puking,1,5
814,horrible,1,5
815,disgusting,1,5
816,vomit,1,5
817,woman,1,5
818,hangover,1,5
819,nasty,1,5
820,woman,1,5
821,vomiting,1,5
822,floor,1,5
823,lying,1,5
824,flat,1,5
825,disgusting,1,5
826,sick,1,5
827,hangover,1,5
828,weak,1,5
829,unwell,1,5
830,funeral,1,5
831,church,1,5
832,woman,1,5
833,vomit,1,5
834,crying,1,5
835,woman,1,5
836,vomit,1,5
837,floor,1,5
838,flowers,1,5
839,sick,1,5
840,woman,1,5
841,vomiting,1,5
842,floor,1,5
843,floor,1,5
844,black-dress,1,5
845,vomit,1,5
846,food-poisoning,1,5
847,drunk,1,5
848,prone,1,5
849,floor,1,5
850,puking,1,5
851,disgusting,1,5
852,woman,1,5
853,floor,1,5
854,blonde,1,5
855,disgusting,1,5
856,vomiting,1,5
857,vomit,1,5
858,sick,1,5
859,fetish,1,5
860,sick,1,5
861,gross,1,5
862,vomit,1,5
863,grim,1,5
864,foul,1,5
865,nasty,1,5
866,disgusting,1,5
867,sickening,1,5
868,repulsive,1,5
869,unwell,1,5
870,woman,1,5
871,vomit,1,5
872,party,1,5
873,lting-down,1,5
874,black-dress,1,5
875,vomiting,1,5
876,floor,1,5
877,sick,1,5
878,woman,1,5
879,intoxicated,1,5
880,vomit,1,5
881,woman,1,5
882,floor,1,5
883,dress,1,5
884,blonde,1,5
885,drunk,1,5
886,sick,1,5
887,pain,1,5
888,embarrassment,1,5
889,fell,1,5
890,vomit,1,5
891,lie,1,5
892,woman,1,5
893,drunk,1,5
894,chuck,1,5
895,funny,1,5
896,absurd,1,5
897,ridiculous,1,5
898,intriguing,1,5
899,lynchian,1,5
900,disgusted,2,5
901,upset,2,5
902,abhorrent,2,5
903,yucky,2,5
904,turn-away,2,5
905,disgust,2,5
906,anguish,2,5
907,appalled,2,5
908,sick,2,5
909,nausea,2,5
910,digust,2,5
911,cnfused,2,5
912,shocked,2,5
913,gross,2,5
914,unhappy,2,5
915,sick,2,5
916,grossed-out,2,5
917,shocked,2,5
918,nervous,2,5
919,unsure,2,5
920,disgusted,2,5
921,scared,2,5
922,angry,2,5
923,afraid,2,5
924,pained,2,5
925,disgusted,2,5
926,loss-of-appetite,2,5
927,angry,2,5
928,grossed-out,2,5
929,upset,2,5
930,sick,2,5
931,difficult,2,5
932,cold,2,5
933,vomit,2,5
934,sickness,2,5
935,sick,2,5
936,disgusted,2,5
937,horrified,2,5
938,sympathy,2,5
939,empathy,2,5
940,disgust,2,5
941,pleasant,2,5
942,unpleasant,2,5
943,outburst,2,5
944,repulsive,2,5
945,disgusting,2,5
946,sorry-for,2,5
947,unhygenic,2,5
948,gross,2,5
949,funny,2,5
950,disgusted,2,5
951,cringe,2,5
952,uneasy,2,5
953,sickened,2,5
954,annoyed,2,5
955,sympathize,2,5
956,upsetting,2,5
957,nauseated,2,5
958,unappealing,2,5
959,stuffed,2,5
960,disgusted,2,5
961,amused,2,5
962,upset,2,5
963,happiness,2,5
964,content,2,5
965,disgusted,2,5
966,amused,2,5
967,grossed-out,2,5
968,annoyed,2,5
969,stressed,2,5
970,disgust,2,5
971,gross,2,5
972,sad,2,5
973,regret,2,5
974,remorse,2,5
975,disgust,2,5
976,uneasy,2,5
977,disbelief,2,5
978,disturbed,2,5
979,nauseated,2,5
980,neutral,2,5
981,repulsed,2,5
982,uncaring,2,5
983,avoidant,2,5
984,head-shaking,2,5
985,disgust,2,5
986,angry,2,5
987,sick,2,5
988,anger,2,5
989,calm,2,5
990,neutral,2,5
991,content,2,5
992,bored,2,5
993,disappointed,2,5
994,same-same,2,5
995,disgust,2,5
996,gross,2,5
997,nauseous,2,5
998,distaste,2,5
999,abhor,2,5
1000,team,1,6
1001,women,1,6
1002,happy,1,6
1003,teamwork,1,6
1004,sports,1,6
1005,football,1,6
1006,women,1,6
1007,exciting,1,6
1008,lionesses,1,6
1009,wonderful,1,6
1010,happy,1,6
1011,delight,1,6
1012,football,1,6
1013,women,1,6
1014,usa,1,6
1015,happy,1,6
1016,win,1,6
1017,game,1,6
1018,women,1,6
1019,match,1,6
1020,football,1,6
1021,womens,1,6
1022,celebration,1,6
1023,team,1,6
1024,players,1,6
1025,team,1,6
1026,happy,1,6
1027,celebrating,1,6
1028,lucky,1,6
1029,victory,1,6
1030,victory,1,6
1031,ladies,1,6
1032,soccer,1,6
1033,celebration,1,6
1034,uniform,1,6
1035,women,1,6
1036,excited,1,6
1037,play,1,6
1038,beautiful,1,6
1039,stadium,1,6
1040,team,1,6
1041,woman-soccer,1,6
1042,embrace,1,6
1043,victory,1,6
1044,excitement,1,6
1045,girls,1,6
1046,congratulations,1,6
1047,sport,1,6
1048,sport,1,6
1049,togetherness,1,6
1050,women,1,6
1051,sport,1,6
1052,celebrating,1,6
1053,happy,1,6
1054,victory,1,6
1055,football,1,6
1056,soccer,1,6
1057,womens-football,1,6
1058,victory,1,6
1059,win,1,6
1060,celebrate,1,6
1061,happy,1,6
1062,sport,1,6
1063,women,1,6
1064,congratulate,1,6
1065,happy,1,6
1066,friendly,1,6
1067,sporty,1,6
1068,game,1,6
1069,physical,1,6
1070,women,1,6
1071,football,1,6
1072,match,1,6
1073,outside,1,6
1074,competition,1,6
1075,happy,1,6
1076,soccer,1,6
1077,team,1,6
1078,victory,1,6
1079,score,1,6
1080,hug,1,6
1081,women,1,6
1082,sport,1,6
1083,gear,1,6
1084,happy,1,6
1085,exciting,1,6
1086,happy,1,6
1087,fun,1,6
1088,run,1,6
1089,win,1,6
1090,celebrate,1,6
1091,womans,1,6
1092,sport,1,6
1093,goal,1,6
1094,football,1,6
1095,women,1,6
1096,sport,1,6
1097,team,1,6
1098,goal,1,6
1099,win,1,6
1100,happya,2,6
1101,impressed,2,6
1102,energized,2,6
1103,excited,2,6
1104,relieved,2,6
1105,happiness,2,6
1106,victory,2,6
1107,triumph,2,6
1108,connected,2,6
1109,gleeful,2,6
1110,happy,2,6
1111,relief,2,6
1112,excite,2,6
1113,good,2,6
1114,attracted,2,6
1115,confused,2,6
1116,sad,2,6
1117,scared,2,6
1118,confused,2,6
1119,calm,2,6
1120,happiness,2,6
1121,pride,2,6
1122,excited,2,6
1123,togetherness,2,6
1124,interested,2,6
1125,neutral,2,6
1126,indifferent,2,6
1127,apathetic,2,6
1128,passive,2,6
1129,congratulatory,2,6
1130,happy,2,6
1131,digest,2,6
1132,many,2,6
1133,dobber,2,6
1134,mony,2,6
1135,happy,2,6
1136,unified,2,6
1137,proud,2,6
1138,inspired,2,6
1139,excite,2,6
1140,joy,2,6
1141,accomplished,2,6
1142,pride,2,6
1143,excited,2,6
1144,sporty,2,6
1145,aroused,2,6
1146,happy,2,6
1147,passionate,2,6
1148,awesome,2,6
1149,warm,2,6
1150,happy,2,6
1151,calm,2,6
1152,relaxed,2,6
1153,joyful,2,6
1154,proud,2,6
1155,joy,2,6
1156,solidarity,2,6
1157,proud,2,6
1158,jovial,2,6
1159,pleased,2,6
1160,excite,2,6
1161,encouraged,2,6
1162,motivated,2,6
1163,happiness,2,6
1164,optimistic,2,6
1165,amused,2,6
1166,bored,2,6
1167,uninterested,2,6
1168,disengaged,2,6
1169,bored,2,6
1170,indifferent,2,6
1171,happy,2,6
1172,sad,2,6
1173,regret,2,6
1174,calm,2,6
1175,calm,2,6
1176,indifferent,2,6
1177,bored,2,6
1178,disinterest,2,6
1179,optimistic,2,6
1180,bored,2,6
1181,distracted,2,6
1182,tired,2,6
1183,neutral,2,6
1184,calm,2,6
1185,happy,2,6
1186,team,2,6
1187,excited,2,6
1188,forward,2,6
1189,universial,2,6
1190,happy,2,6
1191,proud,2,6
1192,congratulatory,2,6
1193,celebratory,2,6
1194,supportive,2,6
1195,neutral,2,6
1196,delight,2,6
1197,celebrate,2,6
1198,worthy,2,6
1199,calm,2,6
1200,wing,1,7
1201,feather,1,7
1202,people,1,7
1203,cleaning,1,7
1204,helping,1,7
1205,oil,1,7
1206,bird,1,7
1207,saving,1,7
1208,disaster,1,7
1209,sick,1,7
1210,pollution,1,7
1211,horrible,1,7
1212,oil,1,7
1213,environment,1,7
1214,cleanup,1,7
1215,bird,1,7
1216,rescue,1,7
1217,care,1,7
1218,help,1,7
1219,pelican,1,7
1220,pelican,1,7
1221,cleaning,1,7
1222,feathers,1,7
1223,oil,1,7
1224,bird,1,7
1225,pain,1,7
1226,injured,1,7
1227,sad,1,7
1228,scared,1,7
1229,worried,1,7
1230,rescue,1,7
1231,bird,1,7
1232,injured,1,7
1233,vet,1,7
1234,attending,1,7
1235,feathers,1,7
1236,bird,1,7
1237,workers,1,7
1238,table,1,7
1239,cut,1,7
1240,bird,1,7
1241,man,1,7
1242,rescue-team,1,7
1243,yellow-overalls,1,7
1244,man,1,7
1245,bird,1,7
1246,oil-slick,1,7
1247,help,1,7
1248,nature,1,7
1249,saviours,1,7
1250,bird,1,7
1251,saving,1,7
1252,cleaning,1,7
1253,saddening,1,7
1254,safety-clothing,1,7
1255,rescue,1,7
1256,bird,1,7
1257,vulture,1,7
1258,vet,1,7
1259,veterinary,1,7
1260,oil,1,7
1261,bird,1,7
1262,pelican,1,7
1263,pollution,1,7
1264,spill,1,7
1265,caring,1,7
1266,pleasant,1,7
1267,kind,1,7
1268,compassionate,1,7
1269,soft,1,7
1270,peligan,1,7
1271,oil,1,7
1272,cleaning,1,7
1273,contaminaton,1,7
1274,rescue,1,7
1275,bird,1,7
1276,resce,1,7
1277,volunteers,1,7
1278,beak,1,7
1279,injured,1,7
1280,bird,1,7
1281,water,1,7
1282,women,1,7
1283,yellow,1,7
1284,blue,1,7
1285,help,1,7
1286,scared,1,7
1287,batter,1,7
1288,fly,1,7
1289,high,1,7
1290,oil,1,7
1291,spill,1,7
1292,wildlife,1,7
1293,saving,1,7
1294,greenpeace,1,7
1295,pelican,1,7
1296,oil,1,7
1297,environmental-damage,1,7
1298,environment,1,7
1299,disaster,1,7
1300,sad,2,7
1301,hopeful,2,7
1302,disgust,2,7
1303,upset,2,7
1304,compassion,2,7
1305,happiness,2,7
1306,compassion,2,7
1307,optimistic,2,7
1308,hopeful,2,7
1309,confident,2,7
1310,sad,2,7
1311,angry,2,7
1312,relief,2,7
1313,care,2,7
1314,hope,2,7
1315,sad,2,7
1316,unsure,2,7
1317,anxious,2,7
1318,nervous,2,7
1319,disappointed,2,7
1320,curious,2,7
1321,happy,2,7
1322,safe,2,7
1323,kindness,2,7
1324,calm,2,7
1325,sad,2,7
1326,concerned,2,7
1327,disturbed,2,7
1328,depressed,2,7
1329,curious,2,7
1330,happy,2,7
1331,cleaning,2,7
1332,kkind,2,7
1333,great,2,7
1334,clean,2,7
1335,inspired,2,7
1336,admiration,2,7
1337,hopeful,2,7
1338,proud,2,7
1339,relieved,2,7
1340,oil,2,7
1341,disaster,2,7
1342,cruel,2,7
1343,safe,2,7
1344,good-will,2,7
1345,sad,2,7
1346,angry,2,7
1347,hopeful,2,7
1348,guilty,2,7
1349,frustrated,2,7
1350,thankful,2,7
1351,happy,2,7
1352,calm,2,7
1353,impressed,2,7
1354,bored,2,7
1355,unsure,2,7
1356,distressed,2,7
1357,inquisitive,2,7
1358,responsibility,2,7
1359,unhappy,2,7
1360,sadness,2,7
1361,optimistic,2,7
1362,peaceful,2,7
1363,let-down,2,7
1364,determined,2,7
1365,curious,2,7
1366,interested,2,7
1367,sad,2,7
1368,sympathetic,2,7
1369,sad,2,7
1370,amused,2,7
1371,interested,2,7
1372,pity,2,7
1373,happy,2,7
1374,bored,2,7
1375,concerned,2,7
1376,sympathy,2,7
1377,disheartened,2,7
1378,hopeful,2,7
1379,pensive,2,7
1380,happiness,2,7
1381,relief,2,7
1382,calm,2,7
1383,sad,2,7
1384,wondering,2,7
1385,disgust,2,7
1386,greed,2,7
1387,anger,2,7
1388,irresponsible,2,7
1389,sad,2,7
1390,sad,2,7
1391,anger,2,7
1392,annoyance,2,7
1393,empathetic,2,7
1394,sympathetic,2,7
1395,sad,2,7
1396,annoyed,2,7
1397,sympathy,2,7
1398,unjust,2,7
1399,powerless,2,7
1400,people,1,8
1401,hi-five,1,8
1402,sports,1,8
1403,game,1,8
1404,happy,1,8
1405,missed,1,8
1406,hand,1,8
1407,woman,1,8
1408,happy,1,8
1409,awkward,1,8
1410,celebrations,1,8
1411,crowd,1,8
1412,sports,1,8
1413,happy,1,8
1414,fans,1,8
1415,embarrasing,1,8
1416,shade,1,8
1417,lady,1,8
1418,cap,1,8
1419,man,1,8
1420,celebration,1,8
1421,crowd,1,8
1422,woman,1,8
1423,red,1,8
1424,sport,1,8
1425,excited,1,8
1426,happy,1,8
1427,congratulations,1,8
1428,victory,1,8
1429,happy,1,8
1430,match,1,8
1431,strangers,1,8
1432,celebrating,1,8
1433,stadium,1,8
1434,win,1,8
1435,friends,1,8
1436,hands,1,8
1437,cold,1,8
1438,jacket,1,8
1439,happy,1,8
1440,fans,1,8
1441,celebration,1,8
1442,clapping,1,8
1443,overjoyed,1,8
1444,victory,1,8
1445,high-fives,1,8
1446,happy,1,8
1447,group,1,8
1448,cohesion,1,8
1449,feedback,1,8
1450,awkward,1,8
1451,celebration,1,8
1452,sport,1,8
1453,high-five,1,8
1454,embarrassing,1,8
1455,awkward,1,8
1456,embarassing,1,8
1457,weird,1,8
1458,sports,1,8
1459,stadium,1,8
1460,awkward,1,8
1461,funny,1,8
1462,whoops,1,8
1463,shame,1,8
1464,accident,1,8
1465,cheerful,1,8
1466,happy,1,8
1467,togetherness,1,8
1468,glad,1,8
1469,impressed,1,8
1470,celebration,1,8
1471,winning,1,8
1472,crowd,1,8
1473,congratulate,1,8
1474,hat,1,8
1475,happy,1,8
1476,clap,1,8
1477,winning,1,8
1478,supporters,1,8
1479,smile,1,8
1480,clapping,1,8
1481,confused,1,8
1482,woman,1,8
1483,men,1,8
1484,sport,1,8
1485,ball,1,8
1486,scared,1,8
1487,cold,1,8
1488,home,1,8
1489,relax,1,8
1490,dumb,1,8
1491,clueless,1,8
1492,blonde,1,8
1493,high5,1,8
1494,bimbo,1,8
1495,awkward,1,8
1496,social-skills,1,8
1497,crowd,1,8
1498,sports,1,8
1499,high-five,1,8
1500,confused,2,8
1501,unsure,2,8
1502,excited,2,8
1503,energized,2,8
1504,pumped,2,8
1505,awkward,2,8
1506,embarassment,2,8
1507,uncertain,2,8
1508,humourous,2,8
1509,comical,2,8
1510,funny,2,8
1511,jokes,2,8
1512,ridiculous,2,8
1513,sorry,2,8
1514,happy,2,8
1515,excited,2,8
1516,energized,2,8
1517,happy,2,8
1518,hyper,2,8
1519,stoked,2,8
1520,confused,2,8
1521,amused,2,8
1522,happiness,2,8
1523,rejected,2,8
1524,hestitate,2,8
1525,neutral,2,8
1526,indifferent,2,8
1527,passive,2,8
1528,apathetic,2,8
1529,unconcerned,2,8
1530,happy,2,8
1531,excited,2,8
1532,team,2,8
1533,clean,2,8
1534,dirty,2,8
1535,calm,2,8
1536,confused,2,8
1537,awkward,2,8
1538,bored,2,8
1539,relaxed,2,8
1540,awkward,2,8
1541,cringe,2,8
1542,fluid,2,8
1543,natural,2,8
1544,broke,2,8
1545,funny,2,8
1546,friendly,2,8
1547,laughing,2,8
1548,identify-with,2,8
1549,joyful,2,8
1550,cringy,2,8
1551,funny,2,8
1552,relatable,2,8
1553,fun,2,8
1554,amused,2,8
1555,joyful,2,8
1556,delighted,2,8
1557,victory,2,8
1558,comradeship,2,8
1559,successful,2,8
1560,amused,2,8
1561,calm,2,8
1562,upset,2,8
1563,sad,2,8
1564,angry,2,8
1565,amused,2,8
1566,confused,2,8
1567,intrigued,2,8
1568,happy,2,8
1569,curious,2,8
1570,smile,2,8
1571,pity,2,8
1572,funny,2,8
1573,happy,2,8
1574,amused,2,8
1575,amusement,2,8
1576,awkward,2,8
1577,interest,2,8
1578,humour,2,8
1579,relaxed,2,8
1580,bored,2,8
1581,yawning,2,8
1582,tired,2,8
1583,uninterested,2,8
1584,upset,2,8
1585,happy,2,8
1586,team,2,8
1587,sport,2,8
1588,cheer,2,8
1589,fan,2,8
1590,neutral,2,8
1591,happy,2,8
1592,ecstatic,2,8
1593,content,2,8
1594,optimistic,2,8
1595,awkward,2,8
1596,neutral,2,8
1597,smiling,2,8
1598,calm,2,8
1599,unsure,2,8
1600,skateboard,1,9
1601,boy,1,9
1602,fall,1,9
1603,injury,1,9
1604,fell,1,9
1605,grinding,1,9
1606,skateboard,1,9
1607,injured,1,9
1608,boy,1,9
1609,back,1,9
1610,ouch,1,9
1611,fall,1,9
1612,skateboard,1,9
1613,injury,1,9
1614,hurt,1,9
1615,accident,1,9
1616,skateboard,1,9
1617,fall,1,9
1618,male,1,9
1619,snow,1,9
1620,accident,1,9
1621,skateboard,1,9
1622,injury,1,9
1623,boy,1,9
1624,child,1,9
1625,excrutiating,1,9
1626,painful,1,9
1627,hopeless,1,9
1628,sore,1,9
1629,injured,1,9
1630,boy,1,9
1631,skate-boarding,1,9
1632,incident,1,9
1633,hit,1,9
1634,back-injury,1,9
1635,pain,1,9
1636,boy,1,9
1637,skateboard,1,9
1638,sad,1,9
1639,play,1,9
1640,injury,1,9
1641,scateboard,1,9
1642,boy,1,9
1643,back-injury,1,9
1644,green-helmet,1,9
1645,pain,1,9
1646,sore-back,1,9
1647,skateboard,1,9
1648,parkour,1,9
1649,boy,1,9
1650,skateboard,1,9
1651,trick,1,9
1652,pain,1,9
1653,fall,1,9
1654,boy,1,9
1655,crippling,1,9
1656,injured,1,9
1657,horrific,1,9
1658,wheelchair-bound,1,9
1659,stupid,1,9
1660,grind,1,9
1661,fall,1,9
1662,skateboard,1,9
1663,ouch,1,9
1664,painful,1,9
1665,dangerous,1,9
1666,hurt,1,9
1667,pain,1,9
1668,sad,1,9
1669,mad,1,9
1670,boy,1,9
1671,skateboard,1,9
1672,trick,1,9
1673,fall,1,9
1674,hurt,1,9
1675,clumpsy,1,9
1676,risk,1,9
1677,amateur,1,9
1678,play,1,9
1679,fall,1,9
1680,skateboard,1,9
1681,boy,1,9
1682,trip,1,9
1683,fall,1,9
1684,hurt,1,9
1685,pain,1,9
1686,regret,1,9
1687,jump,1,9
1688,play,1,9
1689,doctor,1,9
1690,fail,1,9
1691,sore,1,9
1692,back,1,9
1693,skate,1,9
1694,boarding,1,9
1695,ow,1,9
1696,pain,1,9
1697,ouch,1,9
1698,sore,1,9
1699,stack,1,9
1700,empathy,2,9
1701,anxious,2,9
1702,worry,2,9
1703,wonder,2,9
1704,concerned,2,9
1705,uncomfortable,2,9
1706,alarmed,2,9
1707,startled,2,9
1708,pain,2,9
1709,suffering,2,9
1710,ow,2,9
1711,bad,2,9
1712,scared,2,9
1713,stunned,2,9
1714,pain,2,9
1715,sick,2,9
1716,nervous,2,9
1717,scared,2,9
1718,put-off,2,9
1719,shocked,2,9
1720,pain,2,9
1721,excite,2,9
1722,afraid,2,9
1723,frustrate,2,9
1724,upset,2,9
1725,sympathy,2,9
1726,curiosity,2,9
1727,surprise,2,9
1728,empathy,2,9
1729,neutral,2,9
1730,painful,2,9
1731,hurts,2,9
1732,hurting,2,9
1733,skating,2,9
1734,injury,2,9
1735,bad,2,9
1736,sad,2,9
1737,sympathy,2,9
1738,empathy,2,9
1739,surprise,2,9
1740,painful,2,9
1741,uncomfortable,2,9
1742,skillful,2,9
1743,skill-issue,2,9
1744,funny,2,9
1745,worried,2,9
1746,annoyed-at,2,9
1747,sorry-for,2,9
1748,little-laugh,2,9
1749,bad-luck,2,9
1750,sadness,2,9
1751,afraid,2,9
1752,unfortunate,2,9
1753,anxious,2,9
1754,sympathy,2,9
1755,amused,2,9
1756,agony,2,9
1757,childhood,2,9
1758,nostalgic,2,9
1759,expectations-met,2,9
1760,painful,2,9
1761,wounded,2,9
1762,calm,2,9
1763,tender,2,9
1764,amused,2,9
1765,anxious,2,9
1766,embarrassed,2,9
1767,upset,2,9
1768,intrigued,2,9
1769,scared,2,9
1770,sad,2,9
1771,distressed,2,9
1772,pain,2,9
1773,sympathy,2,9
1774,afraid,2,9
1775,disbelief,2,9
1776,pain,2,9
1777,empathetic,2,9
1778,shock,2,9
1779,discomfort,2,9
1780,cringe,2,9
1781,amused,2,9
1782,shrivel,2,9
1783,happy,2,9
1784,laughter,2,9
1785,funny,2,9
1786,fear,2,9
1787,calm,2,9
1788,injury,2,9
1789,sad,2,9
1790,sore,2,9
1791,sympathetic,2,9
1792,pity,2,9
1793,optimism,2,9
1794,worried,2,9
1795,pain,2,9
1796,scary,2,9
1797,sympathy,2,9
1798,distaste,2,9
1799,feeling-their-pain,2,9
1800,lady,1,10
1801,money,1,10
1802,throwing,1,10
1803,celebrity,1,10
1804,rich,1,10
1805,woman,1,10
1806,money,1,10
1807,cash,1,10
1808,frivolous,1,10
1809,free,1,10
1810,cash,1,10
1811,money,1,10
1812,gif,1,10
1813,kim,1,10
1814,makeitrain,1,10
1815,money,1,10
1816,beautiful,1,10
1817,calm,1,10
1818,female,1,10
1819,hot,1,10
1820,money,1,10
1821,celebrity,1,10
1822,woman,1,10
1823,kardashian,1,10
1824,posed,1,10
1825,fame,1,10
1826,show-off,1,10
1827,wealthy,1,10
1828,role-model,1,10
1829,happy,1,10
1830,money,1,10
1831,kim-kardashian,1,10
1832,make-it-rain,1,10
1833,rich,1,10
1834,spend,1,10
1835,woman,1,10
1836,brunette,1,10
1837,shocked,1,10
1838,lips,1,10
1839,hands,1,10
1840,money,1,10
1841,beautiful,1,10
1842,woman,1,10
1843,famous,1,10
1844,kim-kardashian,1,10
1845,kim-kardashian,1,10
1846,money,1,10
1847,notes,1,10
1848,smirk,1,10
1849,woman,1,10
1850,money,1,10
1851,woman,1,10
1852,rich,1,10
1853,spoilt,1,10
1854,making-it-rain,1,10
1855,cash,1,10
1856,money,1,10
1857,kim,1,10
1858,kim-kardashian,1,10
1859,make-it-rain,1,10
1860,money,1,10
1861,woman,1,10
1862,cash,1,10
1863,pride,1,10
1864,showing-off,1,10
1865,rich,1,10
1866,celebrity,1,10
1867,cash,1,10
1868,showoff,1,10
1869,careless,1,10
1870,fast,1,10
1871,action,1,10
1872,missed,1,10
1873,nothing,1,10
1874,black,1,10
1875,money,1,10
1876,female,1,10
1877,exciting,1,10
1878,rich,1,10
1879,lie,1,10
1880,money,1,10
1881,rich,1,10
1882,lady,1,10
1883,kim,1,10
1884,kardashian,1,10
1885,money,1,10
1886,promblams,1,10
1887,happy,1,10
1888,worried,1,10
1889,excitement,1,10
1890,kim,1,10
1891,cash,1,10
1892,kardashion,1,10
1893,cash,1,10
1894,pimp,1,10
1895,kim,1,10
1896,cash,1,10
1897,kardashian,1,10
1898,kim-k,1,10
1899,armenian,1,10
1900,annoyed,2,10
1901,frustrated,2,10
1902,less-than,2,10
1903,underappreciated,2,10
1904,jealous,2,10
1905,happy,2,10
1906,excite,2,10
1907,inspiration,2,10
1908,fortune,2,10
1909,merry,2,10
1910,angry,2,10
1911,disgust,2,10
1912,wrong,2,10
1913,resent,2,10
1914,mad,2,10
1915,unsure,2,10
1916,confused,2,10
1917,shocked,2,10
1918,mad,2,10
1919,cnfused,2,10
1920,jealous,2,10
1921,upset,2,10
1922,frustrate,2,10
1923,distress,2,10
1924,fatigue,2,10
1925,amused,2,10
1926,neutral,2,10
1927,familiar,2,10
1928,rolling-eyes,2,10
1929,passive,2,10
1930,money,2,10
1931,happy,2,10
1932,joy,2,10
1933,sadness,2,10
1934,safe,2,10
1935,inspired,2,10
1936,jealous,2,10
1937,excite,2,10
1938,hopeful,2,10
1939,fun,2,10
1940,rich,2,10
1941,wealth,2,10
1942,condescending,2,10
1943,ironic,2,10
1944,belittle,2,10
1945,aroused,2,10
1946,annoyed,2,10
1947,cheap,2,10
1948,money-makes-me-sick,2,10
1949,hot,2,10
1950,annoyed,2,10
1951,cold,2,10
1952,bored,2,10
1953,mad,2,10
1954,upset,2,10
1955,hopeful,2,10
1956,cringed,2,10
1957,bored,2,10
1958,uninspired,2,10
1959,annoyed,2,10
1960,disgusted,2,10
1961,angry,2,10
1962,amused,2,10
1963,calm,2,10
1964,optimistic,2,10
1965,bored,2,10
1966,upset,2,10
1967,numb,2,10
1968,upset,2,10
1969,calm,2,10
1970,angry,2,10
1971,hate,2,10
1972,lame,2,10
1973,annoyed,2,10
1974,bored,2,10
1975,annoyance,2,10
1976,dislike,2,10
1977,irritated,2,10
1978,loathing,2,10
1979,grumpy,2,10
1980,bored,2,10
1981,tired,2,10
1982,uninterested,2,10
1983,distracted,2,10
1984,unapolagetic,2,10
1985,happy,2,10
1986,excited,2,10
1987,wishful,2,10
1988,pleasant,2,10
1989,forward,2,10
1990,annoyed,2,10
1991,angry,2,10
1992,irritated,2,10
1993,irked,2,10
1994,bothered,2,10
1995,de-ja-vu,2,10
1996,neutral,2,10
1997,wanted,2,10
1998,hopeful,2,10
1999,realistic,2,10
2000,car,1,11
2001,train,1,11
2002,passing,1,11
2003,fast,1,11
2004,suspence,1,11
2005,close,1,11
2006,car,1,11
2007,stupid,1,11
2008,train,1,11
2009,deadly,1,11
2010,lucky,1,11
2011,escape,1,11
2012,car,1,11
2013,train,1,11
2014,close,1,11
2015,terrifying,1,11
2016,crazy,1,11
2017,car,1,11
2018,train,1,11
2019,risk-taker,1,11
2020,car,1,11
2021,train,1,11
2022,crossing,1,11
2023,nearmiss,1,11
2024,stupid,1,11
2025,close-call,1,11
2026,lucky,1,11
2027,escaped,1,11
2028,anxious,1,11
2029,breathless,1,11
2030,train,1,11
2031,car,1,11
2032,railway-line,1,11
2033,survived,1,11
2034,crash,1,11
2035,car,1,11
2036,train,1,11
2037,nerve-wracking,1,11
2038,robots,1,11
2039,road,1,11
2040,car,1,11
2041,gate,1,11
2042,locked,1,11
2043,locked,1,11
2044,security,1,11
2045,near-miss,1,11
2046,train,1,11
2047,car,1,11
2048,train-track,1,11
2049,railway-crossing,1,11
2050,scary,1,11
2051,dumb,1,11
2052,car,1,11
2053,lucky,1,11
2054,train,1,11
2055,lucky,1,11
2056,luck,1,11
2057,danger,1,11
2058,death,1,11
2059,accident,1,11
2060,close,1,11
2061,danger,1,11
2062,peril,1,11
2063,fear,1,11
2064,collision,1,11
2065,wild,1,11
2066,risky,1,11
2067,dangerous,1,11
2068,hazard,1,11
2069,crazy,1,11
2070,train,1,11
2071,crossing,1,11
2072,car,1,11
2073,fence,1,11
2074,missed,1,11
2075,car,1,11
2076,train,1,11
2077,tracks,1,11
2078,dangerous,1,11
2079,survived,1,11
2080,car,1,11
2081,train,1,11
2082,fence,1,11
2083,black,1,11
2084,grey,1,11
2085,close,1,11
2086,death,1,11
2087,sad,1,11
2088,stuped,1,11
2089,scary,1,11
2090,close,1,11
2091,railway,1,11
2092,train,1,11
2093,car,1,11
2094,phew,1,11
2095,idiot,1,11
2096,lucky,1,11
2097,train,1,11
2098,prius,1,11
2099,near-miss,1,11
2100,concerned,2,11
2101,afraid,2,11
2102,worried,2,11
2103,nervous,2,11
2104,relieved,2,11
2105,suspense,2,11
2106,anxious,2,11
2107,nervous,2,11
2108,tense,2,11
2109,anxiety,2,11
2110,excite,2,11
2111,victorious,2,11
2112,relieved,2,11
2113,scared,2,11
2114,sweating,2,11
2115,scared,2,11
2116,shocked,2,11
2117,panicked,2,11
2118,nervous,2,11
2119,frightened,2,11
2120,excite,2,11
2121,fear,2,11
2122,frightened,2,11
2123,infuriated,2,11
2124,panic,2,11
2125,shocked,2,11
2126,surprised,2,11
2127,anxious,2,11
2128,curious,2,11
2129,relief,2,11
2130,scary,2,11
2131,danger,2,11
2132,dangerous,2,11
2133,life,2,11
2134,lifeless,2,11
2135,relieved,2,11
2136,jumpy,2,11
2137,happy,2,11
2138,celebratory,2,11
2139,surprise,2,11
2140,close,2,11
2141,adrenaline,2,11
2142,life-staking,2,11
2143,traumatic,2,11
2144,extreme,2,11
2145,worried,2,11
2146,lucky,2,11
2147,stupid,2,11
2148,annoyed-at,2,11
2149,adrenaline,2,11
2150,anxious,2,11
2151,afraid,2,11
2152,on-edge,2,11
2153,thankful,2,11
2154,bored,2,11
2155,elated,2,11
2156,afraid,2,11
2157,engaged,2,11
2158,awoken,2,11
2159,suspenseful,2,11
2160,calm,2,11
2161,on-edge,2,11
2162,afraid,2,11
2163,upset,2,11
2164,glad,2,11
2165,scared,2,11
2166,anxious,2,11
2167,amazed,2,11
2168,relieved,2,11
2169,stressed,2,11
2170,afraid,2,11
2171,angry,2,11
2172,confused,2,11
2173,distant,2,11
2174,no-hope,2,11
2175,worried,2,11
2176,tense,2,11
2177,concerned,2,11
2178,anxious,2,11
2179,alarmed,2,11
2180,head-shaking,2,11
2181,annoyed,2,11
2182,angry,2,11
2183,avoidant,2,11
2184,upset,2,11
2185,anger,2,11
2186,disgust,2,11
2187,worried,2,11
2188,pity,2,11
2189,afraid,2,11
2190,scared,2,11
2191,relief,2,11
2192,confused,2,11
2193,scared,2,11
2194,sympathy,2,11
2195,relief,2,11
2196,shock,2,11
2197,suprised,2,11
2198,on-tenderhooks,2,11
2199,dread,2,11
2200,car,1,12
2201,police,1,12
2202,turning,1,12
2203,driving,1,12
2204,slow,1,12
2205,idiot,1,12
2206,police,1,12
2207,caught,1,12
2208,bad,1,12
2209,taxi,1,12
2210,traffic,1,12
2211,cars,1,12
2212,driving,1,12
2213,drivers,1,12
2214,turn,1,12
2215,pedestrian,1,12
2216,camera,1,12
2217,recording,1,12
2218,complaining,1,12
2219,upset,1,12
2220,cars,1,12
2221,traffic,1,12
2222,chaos,1,12
2223,driving,1,12
2224,poor,1,12
2225,anxious,1,12
2226,nervous,1,12
2227,careful,1,12
2228,unlucky,1,12
2229,disapointed,1,12
2230,police,1,12
2231,chase,1,12
2232,vehicle,1,12
2233,road-rules,1,12
2234,arrest,1,12
2235,police,1,12
2236,car,1,12
2237,road,1,12
2238,criminal,1,12
2239,scene,1,12
2240,police,1,12
2241,car,1,12
2242,tar-road,1,12
2243,u-turn,1,12
2244,traffic,1,12
2245,police-car,1,12
2246,taxi,1,12
2247,road,1,12
2248,traffic,1,12
2249,illegal-manouvre,1,12
2250,justice,1,12
2251,funny,1,12
2252,police,1,12
2253,karma,1,12
2254,celebration,1,12
2255,traffic,1,12
2256,road-rage,1,12
2257,police,1,12
2258,accident,1,12
2259,rage,1,12
2260,cycle,1,12
2261,bicycle,1,12
2262,cam,1,12
2263,accident,1,12
2264,police,1,12
2265,careless,1,12
2266,selfish,1,12
2267,illegal,1,12
2268,risky,1,12
2269,crime,1,12
2270,car,1,12
2271,turning,1,12
2272,police,1,12
2273,traffic,1,12
2274,sign,1,12
2275,taxi,1,12
2276,police,1,12
2277,getaway,1,12
2278,road,1,12
2279,illegal,1,12
2280,road,1,12
2281,cars,1,12
2282,pedestrians,1,12
2283,police,1,12
2284,buildings,1,12
2285,back-fire,1,12
2286,ok,1,12
2287,regret,1,12
2288,shame,1,12
2289,run,1,12
2290,instant,1,12
2291,karma,1,12
2292,cops,1,12
2293,cyclist,1,12
2294,dumb,1,12
2295,annoying,1,12
2296,road-rage,1,12
2297,inconsiderate,1,12
2298,hustle-and-bustle,1,12
2299,turning,1,12
2300,confused,2,12
2301,angry,2,12
2302,annoyed,2,12
2303,frustrated,2,12
2304,rage,2,12
2305,annoyance,2,12
2306,riled,2,12
2307,furious,2,12
2308,mad,2,12
2309,seeth,2,12
2310,funny,2,12
2311,ridiculous,2,12
2312,justice,2,12
2313,angy,2,12
2314,happy,2,12
2315,annoyed,2,12
2316,surprised,2,12
2317,mad,2,12
2318,nervous,2,12
2319,calm,2,12
2320,frustrated,2,12
2321,happy,2,12
2322,thrill,2,12
2323,concern,2,12
2324,comfort,2,12
2325,confused,2,12
2326,uncertain,2,12
2327,curious,2,12
2328,unsure,2,12
2329,unsatisfied,2,12
2330,danger,2,12
2331,scary,2,12
2332,angry,2,12
2333,justice,2,12
2334,police,2,12
2335,fear,2,12
2336,worry,2,12
2337,agitation,2,12
2338,surprise,2,12
2339,sympathy,2,12
2340,stupidity,2,12
2341,fool,2,12
2342,unlawful,2,12
2343,taxi,2,12
2344,scary,2,12
2345,angry,2,12
2346,selfish,2,12
2347,moron,2,12
2348,annoyed,2,12
2349,idiot,2,12
2350,upset,2,12
2351,confused,2,12
2352,bored,2,12
2353,anxious,2,12
2354,happy,2,12
2355,uninterested,2,12
2356,normal,2,12
2357,monotonous,2,12
2358,uncertain,2,12
2359,pondering,2,12
2360,glad,2,12
2361,upset,2,12
2362,unthusiastic,2,12
2363,encouraged,2,12
2364,determined,2,12
2365,confused,2,12
2366,bewildered,2,12
2367,bored,2,12
2368,calm,2,12
2369,impatient,2,12
2370,confused,2,12
2371,indifferent,2,12
2372,no-idea,2,12
2373,calm,2,12
2374,bored,2,12
2375,confused,2,12
2376,baffled,2,12
2377,unsure,2,12
2378,focused,2,12
2379,interest,2,12
2380,annoyed,2,12
2381,joyous,2,12
2382,head-shaking,2,12
2383,relieved,2,12
2384,laughter,2,12
2385,stupidness,2,12
2386,anger,2,12
2387,confused,2,12
2388,foreign,2,12
2389,dumbness,2,12
2390,worried,2,12
2391,relieved,2,12
2392,shocked,2,12
2393,astounded,2,12
2394,astonished,2,12
2395,annoyed,2,12
2396,good-karma,2,12
2397,justice-served,2,12
2398,irritated,2,12
2399,suprise,2,12
2400,lady,1,13
2401,hilary,1,13
2402,politician,1,13
2403,smirk,1,13
2404,face,1,13
2405,unimpressed,1,13
2406,woman,1,13
2407,eyebrows,1,13
2408,cross,1,13
2409,mad,1,13
2410,hilary,1,13
2411,woman,1,13
2412,laughing,1,13
2413,clinton,1,13
2414,listening,1,13
2415,annoyed,1,13
2416,politician,1,13
2417,prime-minister,1,13
2418,tired,1,13
2419,over-it,1,13
2420,hilary,1,13
2421,clinton,1,13
2422,woman,1,13
2423,politician,1,13
2424,sitting,1,13
2425,unbothered,1,13
2426,surprised,1,13
2427,unphased,1,13
2428,attitude,1,13
2429,dont-care,1,13
2430,speech,1,13
2431,woman,1,13
2432,spokes-person,1,13
2433,uninterested,1,13
2434,displeased,1,13
2435,bored,1,13
2436,woman,1,13
2437,blonde,1,13
2438,calm,1,13
2439,listen,1,13
2440,speaker,1,13
2441,microphone,1,13
2442,woman,1,13
2443,granny,1,13
2444,attitude,1,13
2445,woman,1,13
2446,politics,1,13
2447,frustration,1,13
2448,bemused,1,13
2449,politician,1,13
2450,woman,1,13
2451,politician,1,13
2452,smirking,1,13
2453,funny,1,13
2454,cheeky,1,13
2455,germany,1,13
2456,merkel,1,13
2457,leader,1,13
2458,president,1,13
2459,germans,1,13
2460,hilary,1,13
2461,clinton,1,13
2462,sigh,1,13
2463,perplexed,1,13
2464,resigned,1,13
2465,tired,1,13
2466,irritated,1,13
2467,down,1,13
2468,fedup,1,13
2469,annoyed,1,13
2470,hilary,1,13
2471,clinton,1,13
2472,mocking,1,13
2473,face,1,13
2474,microphone,1,13
2475,lady,1,13
2476,mic,1,13
2477,annoyed,1,13
2478,amused,1,13
2479,confused,1,13
2480,blinking,1,13
2481,woman,1,13
2482,white,1,13
2483,blonde,1,13
2484,mike,1,13
2485,relaxed,1,13
2486,worried,1,13
2487,care,1,13
2488,happy,1,13
2489,under-control,1,13
2490,hillary,1,13
2491,clinton,1,13
2492,womans,1,13
2493,whatever,1,13
2494,dissapprove,1,13
2495,bemused,1,13
2496,hillary,1,13
2497,aloof,1,13
2498,smug,1,13
2499,defensive,1,13
2500,wonder,2,13
2501,disbelief,2,13
2502,curiousity,2,13
2503,frustrated,2,13
2504,let-down,2,13
2505,provoked,2,13
2506,irk,2,13
2507,exasperate,2,13
2508,trouble,2,13
2509,disturb,2,13
2510,bored,2,13
2511,confused,2,13
2512,strange,2,13
2513,unusual,2,13
2514,empty,2,13
2515,too-fast,2,13
2516,unsure,2,13
2517,confused,2,13
2518,mad,2,13
2519,uncertain,2,13
2520,upset,2,13
2521,disgusted,2,13
2522,contempt,2,13
2523,frustration,2,13
2524,annoyed,2,13
2525,curious,2,13
2526,neutral,2,13
2527,passive,2,13
2528,indifferent,2,13
2529,apathetic,2,13
2530,na,2,13
2531,na,2,13
2532,na,2,13
2533,na,2,13
2534,na,2,13
2535,humorous,2,13
2536,relate,2,13
2537,giggly,2,13
2538,sympathy,2,13
2539,understanding,2,13
2540,bored,2,13
2541,uninterested,2,13
2542,politics,2,13
2543,public,2,13
2544,liar,2,13
2545,nostalgia,2,13
2546,meh,2,13
2547,troll,2,13
2548,decent-person,2,13
2549,wise,2,13
2550,bored,2,13
2551,unfunny,2,13
2552,annoyed,2,13
2553,calm,2,13
2554,distracted,2,13
2555,smug,2,13
2556,bliss,2,13
2557,settled,2,13
2558,at-ease,2,13
2559,successful,2,13
2560,amused,2,13
2561,calm,2,13
2562,rejected,2,13
2563,upset,2,13
2564,joyful,2,13
2565,amused,2,13
2566,curious,2,13
2567,intrigued,2,13
2568,embarrassed,2,13
2569,interested,2,13
2570,indifferent,2,13
2571,bored,2,13
2572,tolerable,2,13
2573,mediocre,2,13
2574,average,2,13
2575,amusement,2,13
2576,disbelief,2,13
2577,sarcasm,2,13
2578,curious,2,13
2579,puzzled,2,13
2580,disgust,2,13
2581,avoidant,2,13
2582,annoyed,2,13
2583,bored,2,13
2584,uninterested,2,13
2585,happy,2,13
2586,calm,2,13
2587,disgust,2,13
2588,worry,2,13
2589,pity,2,13
2590,annoyed,2,13
2591,irritated,2,13
2592,bothered,2,13
2593,unimpressed,2,13
2594,irked,2,13
2595,nonchalant,2,13
2596,old,2,13
2597,de-ja-vu,2,13
2598,fair,2,13
2599,calm,2,13
2600,rock,1,14
2601,mountain,1,14
2602,high,1,14
2603,slow,1,14
2604,movement,1,14
2605,extreme,1,14
2606,sports,1,14
2607,bike,1,14
2608,person,1,14
2609,crazy,1,14
2610,crazy,1,14
2611,scene,1,14
2612,cycle,1,14
2613,daredevil,1,14
2614,riding,1,14
2615,risk-taker,1,14
2616,scary,1,14
2617,thrilling,1,14
2618,biking,1,14
2619,dangerous,1,14
2620,bike,1,14
2621,rocks,1,14
2622,cliff,1,14
2623,red,1,14
2624,daring,1,14
2625,daredevil,1,14
2626,anxious,1,14
2627,nervous,1,14
2628,excited,1,14
2629,high,1,14
2630,biker,1,14
2631,mountain,1,14
2632,scary,1,14
2633,sport,1,14
2634,red,1,14
2635,mountain,1,14
2636,biker,1,14
2637,cycling,1,14
2638,helmet,1,14
2639,soil,1,14
2640,mountain,1,14
2641,scary,1,14
2642,adventure,1,14
2643,adrenalin-rush,1,14
2644,climbing,1,14
2645,rock,1,14
2646,dangerous,1,14
2647,rider,1,14
2648,death-defying,1,14
2649,intrepid,1,14
2650,nerve-wracking,1,14
2651,scary,1,14
2652,bike,1,14
2653,dumb,1,14
2654,scary,1,14
2655,impossible,1,14
2656,dangerous,1,14
2657,crazy,1,14
2658,adventure,1,14
2659,adrenaline,1,14
2660,cycle,1,14
2661,danger,1,14
2662,peril,1,14
2663,risky,1,14
2664,daredevil,1,14
2665,adventurous,1,14
2666,risky,1,14
2667,unsafe,1,14
2668,bold,1,14
2669,reckless,1,14
2670,mountain,1,14
2671,steep,1,14
2672,man,1,14
2673,moving,1,14
2674,dangerous,1,14
2675,deadly,1,14
2676,dangerous,1,14
2677,sandy,1,14
2678,rocky,1,14
2679,daring,1,14
2680,dry,1,14
2681,red,1,14
2682,bike,1,14
2683,biker,1,14
2684,mountain,1,14
2685,how,1,14
2686,beautiful,1,14
2687,scary,1,14
2688,play,1,14
2689,fun,1,14
2690,silly,1,14
2691,death,1,14
2692,fall,1,14
2693,thrill,1,14
2694,bmx,1,14
2695,impossible,1,14
2696,incredible,1,14
2697,amazing,1,14
2698,dangerous,1,14
2699,extreme,1,14
2700,nervous,2,14
2701,in-awe,2,14
2702,anxious,2,14
2703,fearful,2,14
2704,exhilirated,2,14
2705,perplex,2,14
2706,exhilaration,2,14
2707,thrill,2,14
2708,adventure,2,14
2709,motivated,2,14
2710,terror,2,14
2711,amazed,2,14
2712,inspired,2,14
2713,scared,2,14
2714,wow,2,14
2715,scared,2,14
2716,nervous,2,14
2717,panic,2,14
2718,shocked,2,14
2719,terrified,2,14
2720,fear,2,14
2721,thrill,2,14
2722,excite,2,14
2723,uncertain,2,14
2724,terrified,2,14
2725,amazed,2,14
2726,curious,2,14
2727,in-awe,2,14
2728,surprised,2,14
2729,bored,2,14
2730,scary,2,14
2731,heartattack,2,14
2732,danger,2,14
2733,fear,2,14
2734,afraid,2,14
2735,inspired,2,14
2736,grand,2,14
2737,small,2,14
2738,finite,2,14
2739,wonder,2,14
2740,extreme,2,14
2741,rush,2,14
2742,safe,2,14
2743,adventurous,2,14
2744,grand,2,14
2745,afaid,2,14
2746,glad-its-not-me,2,14
2747,dizzy,2,14
2748,adrenaline,2,14
2749,nervous,2,14
2750,anxious,2,14
2751,on-edge,2,14
2752,impressed,2,14
2753,amazed,2,14
2754,thankful,2,14
2755,freightening,2,14
2756,pondering,2,14
2757,inspiring,2,14
2758,thrilled,2,14
2759,worried,2,14
2760,on-edge,2,14
2761,afraid,2,14
2762,encouraged,2,14
2763,focused,2,14
2764,prepared,2,14
2765,confused,2,14
2766,anxious,2,14
2767,curious,2,14
2768,intrigued,2,14
2769,stressed,2,14
2770,interested,2,14
2771,afraid,2,14
2772,amused,2,14
2773,happy,2,14
2774,sad,2,14
2775,fear,2,14
2776,disbelief,2,14
2777,tense,2,14
2778,shocked,2,14
2779,uneasy,2,14
2780,tense,2,14
2781,amazed,2,14
2782,bewildered,2,14
2783,interested,2,14
2784,afraid,2,14
2785,fear,2,14
2786,worry,2,14
2787,stupid,2,14
2788,edgy,2,14
2789,worry,2,14
2790,afraid,2,14
2791,worried,2,14
2792,astounded,2,14
2793,amazed,2,14
2794,hopeful,2,14
2795,shocked,2,14
2796,in-awe,2,14
2797,mesmerised,2,14
2798,interested,2,14
2799,hooked,2,14
2800,animal,1,15
2801,cart,1,15
2802,slow,1,15
2803,movement,1,15
2804,ride,1,15
2805,weird,1,15
2806,hand,1,15
2807,thing,1,15
2808,odd,1,15
2809,wheels,1,15
2810,weird,1,15
2811,odd,1,15
2812,strange,1,15
2813,freaky,1,15
2814,unsure,1,15
2815,scary,1,15
2816,confused,1,15
2817,wheel-chair,1,15
2818,people,1,15
2819,fingers,1,15
2820,artist,1,15
2821,artwork,1,15
2822,strange,1,15
2823,funny,1,15
2824,unsettling,1,15
2825,confused,1,15
2826,thinking,1,15
2827,wondering,1,15
2828,unusual,1,15
2829,surprised,1,15
2830,puppet,1,15
2831,riding,1,15
2832,bike,1,15
2833,audience,1,15
2834,watching,1,15
2835,hands,1,15
2836,black,1,15
2837,transport,1,15
2838,walking,1,15
2839,people,1,15
2840,animal,1,15
2841,cycling,1,15
2842,animal,1,15
2843,walking,1,15
2844,carriage,1,15
2845,animal,1,15
2846,walking,1,15
2847,carriage,1,15
2848,bystanders,1,15
2849,weird,1,15
2850,confusing,1,15
2851,fake,1,15
2852,discombobulating,1,15
2853,weird,1,15
2854,ok-sign,1,15
2855,confusing,1,15
2856,magic,1,15
2857,trick,1,15
2858,special-effects,1,15
2859,edited,1,15
2860,sculpture,1,15
2861,art,1,15
2862,modern-art,1,15
2863,freaky,1,15
2864,odd,1,15
2865,confusing,1,15
2866,weird,1,15
2867,unclear,1,15
2868,animal,1,15
2869,disabilty,1,15
2870,wheelchair,1,15
2871,odd,1,15
2872,mechanical,1,15
2873,spooky,1,15
2874,unnatural,1,15
2875,peculiar,1,15
2876,animal,1,15
2877,assistance,1,15
2878,wheels,1,15
2879,walking,1,15
2880,hands,1,15
2881,black,1,15
2882,wheels,1,15
2883,legs,1,15
2884,men,1,15
2885,confused,1,15
2886,what,1,15
2887,trick,1,15
2888,hospital,1,15
2889,joke,1,15
2890,art,1,15
2891,weird,1,15
2892,unknown,1,15
2893,creature,1,15
2894,man,1,15
2895,confusing,1,15
2896,strange,1,15
2897,uncanny,1,15
2898,bizarre,1,15
2899,robot,1,15
2900,intrigued,2,15
2901,curious,2,15
2902,wonder,2,15
2903,excited,2,15
2904,exhilirated,2,15
2905,curious,2,15
2906,confusion,2,15
2907,odd,2,15
2908,unexpected,2,15
2909,puzzled,2,15
2910,confused,2,15
2911,curious,2,15
2912,gross,2,15
2913,amazed,2,15
2914,wonder,2,15
2915,confused,2,15
2916,nervous,2,15
2917,scared,2,15
2918,unsettled,2,15
2919,sad,2,15
2920,intrigued,2,15
2921,interested,2,15
2922,excited,2,15
2923,fascinated,2,15
2924,delight,2,15
2925,disturbed,2,15
2926,confused,2,15
2927,creeped-out,2,15
2928,disoriented,2,15
2929,perturbed,2,15
2930,wierd,2,15
2931,bird,2,15
2932,confusing,2,15
2933,interesting,2,15
2934,costume,2,15
2935,shock,2,15
2936,confusion,2,15
2937,awkward,2,15
2938,curiosity,2,15
2939,interest,2,15
2940,bizzare,2,15
2941,creative,2,15
2942,abstract,2,15
2943,modern,2,15
2944,artistic,2,15
2945,cool,2,15
2946,weird,2,15
2947,avoid,2,15
2948,confused,2,15
2949,unsure,2,15
2950,creeped-out,2,15
2951,uneasy,2,15
2952,dff,2,15
2953,funny,2,15
2954,annoyed,2,15
2955,bewildered,2,15
2956,charmed,2,15
2957,entertained,2,15
2958,confused,2,15
2959,contemplative,2,15
2960,afraid,2,15
2961,confused,2,15
2962,unsure,2,15
2963,interested,2,15
2964,calm,2,15
2965,confused,2,15
2966,anxious,2,15
2967,curious,2,15
2968,interested,2,15
2969,befuddled,2,15
2970,amused,2,15
2971,happy,2,15
2972,sad,2,15
2973,indifferent,2,15
2974,bored,2,15
2975,perplexed,2,15
2976,baffled,2,15
2977,disbelief,2,15
2978,curious,2,15
2979,interest,2,15
2980,intrigued,2,15
2981,perplexed,2,15
2982,intrigue,2,15
2983,fascination,2,15
2984,approachable,2,15
2985,worry,2,15
2986,afraid,2,15
2987,disgust,2,15
2988,sadness,2,15
2989,concern,2,15
2990,confused,2,15
2991,uneasy,2,15
2992,puzzled,2,15
2993,amazed,2,15
2994,afraid,2,15
2995,baffled,2,15
2996,curious,2,15
2997,confused,2,15
2998,lost,2,15
2999,intrigue,2,15
3000,fire,1,16
3001,smoke,1,16
3002,danger,1,16
3003,air,1,16
3004,congestion,1,16
3005,fire,1,16
3006,house,1,16
3007,smoke,1,16
3008,danger,1,16
3009,injury,1,16
3010,fire,1,16
3011,devastation,1,16
3012,damage,1,16
3013,firefighters,1,16
3014,damage,1,16
3015,fire,1,16
3016,houses,1,16
3017,smoke,1,16
3018,burning,1,16
3019,flames,1,16
3020,fire,1,16
3021,house,1,16
3022,burning,1,16
3023,pool,1,16
3024,green,1,16
3025,devastation,1,16
3026,shocked,1,16
3027,sad,1,16
3028,heartache,1,16
3029,disapointed,1,16
3030,burning,1,16
3031,house,1,16
3032,chaos,1,16
3033,people,1,16
3034,running,1,16
3035,fire,1,16
3036,house,1,16
3037,sad,1,16
3038,smoke,1,16
3039,arson,1,16
3040,fire,1,16
3041,burning,1,16
3042,house,1,16
3043,ashes,1,16
3044,destruction,1,16
3045,fire,1,16
3046,lithium-battery,1,16
3047,house,1,16
3048,danger,1,16
3049,heart-ache,1,16
3050,burning,1,16
3051,house,1,16
3052,scary,1,16
3053,fire,1,16
3054,dangerous,1,16
3055,fire,1,16
3056,burning,1,16
3057,house-burning,1,16
3058,on-fire,1,16
3059,hot,1,16
3060,fire,1,16
3061,burn,1,16
3062,ablaze,1,16
3063,fireman,1,16
3064,water,1,16
3065,burning,1,16
3066,fire,1,16
3067,valuables,1,16
3068,life,1,16
3069,danger,1,16
3070,fire,1,16
3071,pool,1,16
3072,trees,1,16
3073,smoke,1,16
3074,condo,1,16
3075,fire,1,16
3076,destructive,1,16
3077,pool,1,16
3078,houses,1,16
3079,flames,1,16
3080,fire,1,16
3081,trees,1,16
3082,smoke,1,16
3083,danger,1,16
3084,green,1,16
3085,insurance,1,16
3086,cry,1,16
3087,homeless,1,16
3088,smoke,1,16
3089,danger,1,16
3090,fire,1,16
3091,loss,1,16
3092,house,1,16
3093,beach,1,16
3094,smoke,1,16
3095,fire,1,16
3096,pool,1,16
3097,hollywood,1,16
3098,mansion,1,16
3099,firefighters,1,16
3100,horror,2,16
3101,shock,2,16
3102,worry,2,16
3103,fear,2,16
3104,sadness,2,16
3105,helpless,2,16
3106,intimidated,2,16
3107,petrify,2,16
3108,worry,2,16
3109,timid,2,16
3110,ouch,2,16
3111,bad,2,16
3112,sorry,2,16
3113,sad,2,16
3114,scared,2,16
3115,unsure,2,16
3116,confused,2,16
3117,fast,2,16
3118,calm,2,16
3119,sad,2,16
3120,scared,2,16
3121,sadness,2,16
3122,terrified,2,16
3123,upset,2,16
3124,angry,2,16
3125,alarmed,2,16
3126,sad,2,16
3127,upset,2,16
3128,concerned,2,16
3129,sympathy,2,16
3130,fire,2,16
3131,scared,2,16
3132,scary,2,16
3133,danger,2,16
3134,dangerous,2,16
3135,worry,2,16
3136,fear,2,16
3137,empathy,2,16
3138,sympathy,2,16
3139,upset,2,16
3140,smog,2,16
3141,accident,2,16
3142,arson,2,16
3143,destructive,2,16
3144,devasted,2,16
3145,compassion,2,16
3146,fear,2,16
3147,glad-its-not-me,2,16
3148,suspiscion,2,16
3149,fear,2,16
3150,sad,2,16
3151,unfortunate,2,16
3152,sympathy,2,16
3153,annoyed,2,16
3154,anxious,2,16
3155,anxious,2,16
3156,terrified,2,16
3157,disquieting,2,16
3158,empathy,2,16
3159,shocked,2,16
3160,afraid,2,16
3161,calm,2,16
3162,optimistic,2,16
3163,sadness,2,16
3164,damaged,2,16
3165,sad,2,16
3166,anxious,2,16
3167,upset,2,16
3168,sympathy,2,16
3169,excited,2,16
3170,sad,2,16
3171,afraid,2,16
3172,happy,2,16
3173,excite,2,16
3174,calm,2,16
3175,sadness,2,16
3176,sympathy,2,16
3177,powerless,2,16
3178,worried,2,16
3179,vulnerable,2,16
3180,uncaring,2,16
3181,neutral,2,16
3182,bemused,2,16
3183,happy,2,16
3184,bored,2,16
3185,fear,2,16
3186,worry,2,16
3187,panic,2,16
3188,angry,2,16
3189,helpless,2,16
3190,worried,2,16
3191,sad,2,16
3192,hopeful,2,16
3193,empathetic,2,16
3194,afraid,2,16
3195,suprised,2,16
3196,baffled,2,16
3197,on-tenderhooks,2,16
3198,fearful,2,16
3199,intrigued,2,16
3200,old-couple,1,17
3201,piano,1,17
3202,affection,1,17
3203,sitting,1,17
3204,relaxed,1,17
3205,love,1,17
3206,content,1,17
3207,happy,1,17
3208,easy,1,17
3209,restful,1,17
3210,cute,1,17
3211,couple,1,17
3212,older,1,17
3213,love,1,17
3214,happy,1,17
3215,beautiful,1,17
3216,couple,1,17
3217,elderly,1,17
3218,happy,1,17
3219,comforting,1,17
3220,couple,1,17
3221,old,1,17
3222,love,1,17
3223,sweet,1,17
3224,piano,1,17
3225,partners,1,17
3226,loving,1,17
3227,caring,1,17
3228,acceptable,1,17
3229,honest,1,17
3230,house,1,17
3231,love,1,17
3232,old-couple,1,17
3233,spending,1,17
3234,quality-time,1,17
3235,love,1,17
3236,old,1,17
3237,couple,1,17
3238,calm,1,17
3239,beautiful,1,17
3240,love,1,17
3241,elderly,1,17
3242,empathy,1,17
3243,romance,1,17
3244,piano,1,17
3245,cohesion,1,17
3246,couple,1,17
3247,piano,1,17
3248,music,1,17
3249,married,1,17
3250,old,1,17
3251,couple,1,17
3252,love,1,17
3253,wholesome,1,17
3254,piano,1,17
3255,love,1,17
3256,elderly,1,17
3257,forever,1,17
3258,death,1,17
3259,marriage,1,17
3260,couple,1,17
3261,love,1,17
3262,partners,1,17
3263,old,1,17
3264,adore,1,17
3265,old,1,17
3266,music,1,17
3267,piano,1,17
3268,love,1,17
3269,care,1,17
3270,old,1,17
3271,man,1,17
3272,woman,1,17
3273,love,1,17
3274,happy,1,17
3275,couple,1,17
3276,love,1,17
3277,loss,1,17
3278,piano,1,17
3279,old,1,17
3280,woman,1,17
3281,man,1,17
3282,old,1,17
3283,grandparents,1,17
3284,grey-hair,1,17
3285,nice,1,17
3286,lovely,1,17
3287,dream,1,17
3288,beautiful,1,17
3289,love,1,17
3290,love,1,17
3291,together,1,17
3292,close,1,17
3293,remember,1,17
3294,old,1,17
3295,love,1,17
3296,cosy,1,17
3297,romantic,1,17
3298,comfort,1,17
3299,old,1,17
3300,heartwarming,2,17
3301,compassion,2,17
3302,warmth,2,17
3303,empathy,2,17
3304,happiness,2,17
3305,love,2,17
3306,endearment,2,17
3307,affection,2,17
3308,passion,2,17
3309,homeliness,2,17
3310,warm,2,17
3311,happy,2,17
3312,safe,2,17
3313,affectionate,2,17
3314,sweet,2,17
3315,endearing,2,17
3316,loving,2,17
3317,calm,2,17
3318,happy,2,17
3319,relaxed,2,17
3320,loved,2,17
3321,content,2,17
3322,joy,2,17
3323,calm,2,17
3324,peace,2,17
3325,rolling-eyes,2,17
3326,neutral,2,17
3327,passive,2,17
3328,indifferent,2,17
3329,annoyed,2,17
3330,love,2,17
3331,caring,2,17
3332,kindness,2,17
3333,fg,2,17
3334,ge,2,17
3335,inspired,2,17
3336,happy,2,17
3337,longing,2,17
3338,love,2,17
3339,hopeful,2,17
3340,nostalgia,2,17
3341,old,2,17
3342,elderly,2,17
3343,growth,2,17
3344,decades,2,17
3345,happy,2,17
3346,sadness,2,17
3347,respect,2,17
3348,warm,2,17
3349,loving,2,17
3350,calm,2,17
3351,loving,2,17
3352,lovely,2,17
3353,loving,2,17
3354,lonely,2,17
3355,calming,2,17
3356,joyous,2,17
3357,chuffed,2,17
3358,wishful,2,17
3359,at-peace,2,17
3360,calm,2,17
3361,assured,2,17
3362,happy,2,17
3363,encouraged,2,17
3364,optimistic,2,17
3365,calm,2,17
3366,relieved,2,17
3367,happy,2,17
3368,content,2,17
3369,bored,2,17
3370,happy,2,17
3371,joy,2,17
3372,smile,2,17
3373,hopeful,2,17
3374,longing,2,17
3375,content,2,17
3376,longing,2,17
3377,happiness,2,17
3378,affection,2,17
3379,admiration,2,17
3380,neutral,2,17
3381,bored,2,17
3382,uninterested,2,17
3383,wondering,2,17
3384,happiness,2,17
3385,love,2,17
3386,calm,2,17
3387,plesent,2,17
3388,caring,2,17
3389,sharing,2,17
3390,happy,2,17
3391,optimistic,2,17
3392,glad,2,17
3393,loved,2,17
3394,reassured,2,17
3395,cute,2,17
3396,sweet,2,17
3397,want,2,17
3398,lovely,2,17
3399,happiness,2,17
3400,couple,1,18
3401,sex-act,1,18
3402,movement,1,18
3403,slow,1,18
3404,couple,1,18
3405,sexual,1,18
3406,erotic,1,18
3407,licking,1,18
3408,hair,1,18
3409,orgasm,1,18
3410,unclear,1,18
3411,bad,1,18
3412,up,1,18
3413,calm,1,18
3414,normal,1,18
3415,pleasure,1,18
3416,oral-sex,1,18
3417,fellatio,1,18
3418,orgasim,1,18
3419,exciting,1,18
3420,people,1,18
3421,erotic,1,18
3422,woman,1,18
3423,man,1,18
3424,sepia,1,18
3425,pleasure,1,18
3426,consenting,1,18
3427,adults,1,18
3428,foreplay,1,18
3429,sexual,1,18
3430,sensual,1,18
3431,couple,1,18
3432,pleasure,1,18
3433,woman,1,18
3434,man,1,18
3435,hands,1,18
3436,hair,1,18
3437,enjoyment,1,18
3438,action,1,18
3439,exciting,1,18
3440,sex,1,18
3441,explicit,1,18
3442,oral-sex,1,18
3443,orgasm,1,18
3444,sexual-energy,1,18
3445,r-rated,1,18
3446,oral-sex,1,18
3447,tongue,1,18
3448,attention,1,18
3449,consensual,1,18
3450,lust,1,18
3451,woman,1,18
3452,exciting,1,18
3453,romance,1,18
3454,beautiful,1,18
3455,oral,1,18
3456,oral-sex,1,18
3457,eating-pussy,1,18
3458,orgasm,1,18
3459,pleasure,1,18
3460,sex,1,18
3461,oral-sex,1,18
3462,cunnilingus,1,18
3463,partner,1,18
3464,intercourse,1,18
3465,passion,1,18
3466,love,1,18
3467,interest,1,18
3468,relationship,1,18
3469,sex,1,18
3470,erotic,1,18
3471,sex,1,18
3472,woman,1,18
3473,man,1,18
3474,legs,1,18
3475,pleasure,1,18
3476,female,1,18
3477,satisfaction,1,18
3478,sexual,1,18
3479,feel-good,1,18
3480,man,1,18
3481,woman,1,18
3482,intimate,1,18
3483,sex,1,18
3484,hands,1,18
3485,sex,1,18
3486,oral,1,18
3487,unexpected,1,18
3488,porn,1,18
3489,female,1,18
3490,head,1,18
3491,massage,1,18
3492,hair,1,18
3493,relax,1,18
3494,feel,1,18
3495,nasty,1,18
3496,gross,1,18
3497,uncalledfor,1,18
3498,sex,1,18
3499,woman,1,18
3500,disgust,2,18
3501,nervous,2,18
3502,anxious,2,18
3503,annoyed,2,18
3504,sadness,2,18
3505,aghast,2,18
3506,horror-struck,2,18
3507,daunted,2,18
3508,obscure,2,18
3509,baffled,2,18
3510,funny,2,18
3511,aroused,2,18
3512,submissive,2,18
3513,laughing,2,18
3514,surprised,2,18
3515,excited,2,18
3516,happy,2,18
3517,turned-on,2,18
3518,engaged,2,18
3519,thrilled,2,18
3520,excite,2,18
3521,intrigued,2,18
3522,touched,2,18
3523,delight,2,18
3524,warm,2,18
3525,shocked,2,18
3526,surprised,2,18
3527,excited,2,18
3528,provoked,2,18
3529,curious,2,18
3530,excitement,2,18
3531,aroused,2,18
3532,arousing,2,18
3533,sexual,2,18
3534,excited,2,18
3535,excite,2,18
3536,fun,2,18
3537,turned-on,2,18
3538,surprised,2,18
3539,curious,2,18
3540,euphoric,2,18
3541,libido,2,18
3542,intense,2,18
3543,hormonal,2,18
3544,pheramones,2,18
3545,aroused,2,18
3546,hot,2,18
3547,excited,2,18
3548,blood-up,2,18
3549,comfort,2,18
3550,turned-on,2,18
3551,joy,2,18
3552,excited,2,18
3553,happy,2,18
3554,hot,2,18
3555,aroused,2,18
3556,excited,2,18
3557,jealous,2,18
3558,envy,2,18
3559,furfillment,2,18
3560,uncomfortable,2,18
3561,excite,2,18
3562,calm,2,18
3563,disgusted,2,18
3564,upset,2,18
3565,confused,2,18
3566,embarrassed,2,18
3567,curious,2,18
3568,weirded-out,2,18
3569,embarrassed,2,18
3570,excite,2,18
3571,indifferent,2,18
3572,disgust,2,18
3573,tolerable,2,18
3574,passable,2,18
3575,surprise,2,18
3576,shocked,2,18
3577,disbelief,2,18
3578,uncomfortable,2,18
3579,awkward,2,18
3580,disgust,2,18
3581,repulsion,2,18
3582,bored,2,18
3583,avoidant,2,18
3584,head-shaking,2,18
3585,sexual,2,18
3586,excitment,2,18
3587,happy,2,18
3588,sexual,2,18
3589,adult,2,18
3590,shocked,2,18
3591,aroused,2,18
3592,excited,2,18
3593,confused,2,18
3594,bemused,2,18
3595,bemused,2,18
3596,baffled,2,18
3597,confused,2,18
3598,calm,2,18
3599,neutral,2,18
3600,dark,1,19
3601,driving,1,19
3602,fast,1,19
3603,car,1,19
3604,accident,1,19
3605,driving,1,19
3606,person,1,19
3607,hit,1,19
3608,car,1,19
3609,injured,1,19
3610,crash,1,19
3611,dark,1,19
3612,driving,1,19
3613,injury,1,19
3614,awful,1,19
3615,accident,1,19
3616,night,1,19
3617,car,1,19
3618,death,1,19
3619,road-kill,1,19
3620,night,1,19
3621,dark,1,19
3622,cars,1,19
3623,headlights,1,19
3624,crash,1,19
3625,dark,1,19
3626,mistake,1,19
3627,accident,1,19
3628,nerve-wrecking,1,19
3629,scared,1,19
3630,hit,1,19
3631,car-accident,1,19
3632,night,1,19
3633,cars,1,19
3634,dark,1,19
3635,accident,1,19
3636,night,1,19
3637,lights,1,19
3638,person,1,19
3639,driving,1,19
3640,traumatic,1,19
3641,accident,1,19
3642,car-accident,1,19
3643,injury,1,19
3644,brakes,1,19
3645,accident,1,19
3646,victim,1,19
3647,dark-night,1,19
3648,headlights,1,19
3649,cars,1,19
3650,shocking,1,19
3651,confusing,1,19
3652,car,1,19
3653,accident,1,19
3654,scary,1,19
3655,death,1,19
3656,car-accident,1,19
3657,accident,1,19
3658,women,1,19
3659,driving,1,19
3660,accident,1,19
3661,collide,1,19
3662,car,1,19
3663,night,1,19
3664,dark,1,19
3665,crazy,1,19
3666,danger,1,19
3667,hurt,1,19
3668,pain,1,19
3669,sad,1,19
3670,night,1,19
3671,dark,1,19
3672,headlights,1,19
3673,cars,1,19
3674,accident,1,19
3675,speed,1,19
3676,wet-road,1,19
3677,body,1,19
3678,accident,1,19
3679,dark,1,19
3680,dark,1,19
3681,night,1,19
3682,night,1,19
3683,man,1,19
3684,lights,1,19
3685,drunk,1,19
3686,death,1,19
3687,hospital,1,19
3688,stop,1,19
3689,pull-over,1,19
3690,road,1,19
3691,dark,1,19
3692,unexpected,1,19
3693,killed,1,19
3694,shock,1,19
3695,idiot,1,19
3696,why,1,19
3697,unbelievable,1,19
3698,dismay,1,19
3699,night,1,19
3700,worry,2,19
3701,concerned,2,19
3702,upset,2,19
3703,shocked,2,19
3704,frustrated,2,19
3705,mystified,2,19
3706,foggy,2,19
3707,confound,2,19
3708,blurred,2,19
3709,befuddled,2,19
3710,horribe,2,19
3711,shocked,2,19
3712,scared,2,19
3713,disgusted,2,19
3714,worried,2,19
3715,shocked,2,19
3716,terrified,2,19
3717,scared,2,19
3718,overwhelmed,2,19
3719,anxious,2,19
3720,terrified,2,19
3721,fear,2,19
3722,upset,2,19
3723,angry,2,19
3724,afraid,2,19
3725,alarmed,2,19
3726,shocked,2,19
3727,concerned,2,19
3728,curious,2,19
3729,disturbed,2,19
3730,dark,2,19
3731,darkness,2,19
3732,scary,2,19
3733,scared,2,19
3734,sad,2,19
3735,shock,2,19
3736,sad,2,19
3737,worry,2,19
3738,fear,2,19
3739,curiosity,2,19
3740,didnt,2,19
3741,see,2,19
3742,this,2,19
3743,video,2,19
3744,play,2,19
3745,worried,2,19
3746,confused,2,19
3747,angry,2,19
3748,curious,2,19
3749,compassionate,2,19
3750,afraid,2,19
3751,on-edge,2,19
3752,anxious,2,19
3753,scared,2,19
3754,sad,2,19
3755,shock,2,19
3756,concern,2,19
3757,helpless,2,19
3758,pain,2,19
3759,agitated,2,19
3760,afraid,2,19
3761,on-edge,2,19
3762,confused,2,19
3763,secure,2,19
3764,heavy,2,19
3765,upset,2,19
3766,anxious,2,19
3767,excited,2,19
3768,shocked,2,19
3769,intrigued,2,19
3770,surprise,2,19
3771,sad,2,19
3772,afraid,2,19
3773,angry,2,19
3774,calm,2,19
3775,horror,2,19
3776,shock,2,19
3777,fear,2,19
3778,disbelief,2,19
3779,troubled,2,19
3780,tense,2,19
3781,fixated,2,19
3782,cringe,2,19
3783,head-shaking,2,19
3784,annoyed,2,19
3785,fear,2,19
3786,worry,2,19
3787,panic,2,19
3788,sadness,2,19
3789,confusion,2,19
3790,shocked,2,19
3791,scared,2,19
3792,frightened,2,19
3793,worried,2,19
3794,sad,2,19
3795,scared,2,19
3796,shocked,2,19
3797,baffled,2,19
3798,surprised,2,19
3799,confused,2,19
3800,window,1,20
3801,restaurant,1,20
3802,cab,1,20
3803,reflection,1,20
3804,mirror,1,20
3805,usa,1,20
3806,coffee,1,20
3807,shop,1,20
3808,taxi,1,20
3809,newyork,1,20
3810,cafe,1,20
3811,calm,1,20
3812,relaxing,1,20
3813,nice,1,20
3814,seats,1,20
3815,cosy,1,20
3816,taxi,1,20
3817,restaurant,1,20
3818,window,1,20
3819,chairs,1,20
3820,cafe,1,20
3821,restaurant,1,20
3822,empty,1,20
3823,chairs,1,20
3824,outside,1,20
3825,relaxed,1,20
3826,peaceful,1,20
3827,calm,1,20
3828,beautiful,1,20
3829,succesful,1,20
3830,empty,1,20
3831,bar,1,20
3832,road,1,20
3833,beautiful,1,20
3834,quiet,1,20
3835,restaurants,1,20
3836,window,1,20
3837,tables,1,20
3838,chairs,1,20
3839,taxi,1,20
3840,dinning,1,20
3841,outdoors,1,20
3842,food,1,20
3843,good-company,1,20
3844,table,1,20
3845,shop-window,1,20
3846,passing-car,1,20
3847,store,1,20
3848,mirrored-window,1,20
3849,movement,1,20
3850,window,1,20
3851,taxi,1,20
3852,restuarant,1,20
3853,reflection,1,20
3854,london,1,20
3855,new-york,1,20
3856,city,1,20
3857,city-life,1,20
3858,cab,1,20
3859,united-states,1,20
3860,cafe,1,20
3861,table,1,20
3862,paris,1,20
3863,coffee,1,20
3864,waiter,1,20
3865,america,1,20
3866,cab,1,20
3867,restaurant,1,20
3868,food,1,20
3869,relaxation,1,20
3870,cafe,1,20
3871,night,1,20
3872,cars,1,20
3873,empty,1,20
3874,lights,1,20
3875,taxi,1,20
3876,restaurant,1,20
3877,coffee-shop,1,20
3878,table,1,20
3879,chairs,1,20
3880,tables,1,20
3881,chairs,1,20
3882,restaurant,1,20
3883,window,1,20
3884,outside,1,20
3885,coffee,1,20
3886,food,1,20
3887,tea,1,20
3888,city,1,20
3889,taxi,1,20
3890,nyc,1,20
3891,cafe,1,20
3892,relaxed,1,20
3893,reflection,1,20
3894,cab,1,20
3895,coffee,1,20
3896,spaghetti,1,20
3897,bar,1,20
3898,new-york,1,20
3899,italian,1,20
3900,empty,2,20
3901,bored,2,20
3902,abandoned,2,20
3903,depressed,2,20
3904,wonder,2,20
3905,calm,2,20
3906,peace,2,20
3907,quiet,2,20
3908,composed,2,20
3909,serenity,2,20
3910,calm,2,20
3911,nothingness,2,20
3912,fancy,2,20
3913,lonely,2,20
3914,solitude,2,20
3915,relaxed,2,20
3916,calm,2,20
3917,happy,2,20
3918,excited,2,20
3919,chill,2,20
3920,calm,2,20
3921,bored,2,20
3922,content,2,20
3923,enjoy,2,20
3924,envious,2,20
3925,bored,2,20
3926,passive,2,20
3927,indifferent,2,20
3928,apathetic,2,20
3929,unconcerned,2,20
3930,calm,2,20
3931,peaceful,2,20
3932,sidewalk,2,20
3933,cafe,2,20
3934,restaurant,2,20
3935,bored,2,20
3936,calm,2,20
3937,peace,2,20
3938,bland,2,20
3939,serene,2,20
3940,solitude,2,20
3941,lonely,2,20
3942,quiet,2,20
3943,tranquill,2,20
3944,serenity,2,20
3945,meh,2,20
3946,bored,2,20
3947,thirsty,2,20
3948,hungry,2,20
3949,uninspired,2,20
3950,uninterested,2,20
3951,bored,2,20
3952,unappealing,2,20
3953,calm,2,20
3954,neutral,2,20
3955,blissful,2,20
3956,relaxed,2,20
3957,independent,2,20
3958,belonging,2,20
3959,tranquil,2,20
3960,calm,2,20
3961,content,2,20
3962,comfortable,2,20
3963,relaxed,2,20
3964,peaceful,2,20
3965,bored,2,20
3966,bored,2,20
3967,numb,2,20
3968,impatient,2,20
3969,numb,2,20
3970,bored,2,20
3971,indifferent,2,20
3972,apathetic,2,20
3973,detached,2,20
3974,distant,2,20
3975,calm,2,20
3976,at-ease,2,20
3977,content,2,20
3978,relaxed,2,20
3979,peaceful,2,20
3980,bored,2,20
3981,loud,2,20
3982,noisy,2,20
3983,pollution,2,20
3984,disturbing,2,20
3985,happy,2,20
3986,calm,2,20
3987,nostelgic,2,20
3988,peacefull,2,20
3989,sharing,2,20
3990,neutral,2,20
3991,content,2,20
3992,so-so,2,20
3993,unentertained,2,20
3994,bored,2,20
3995,neutral,2,20
3996,calm,2,20
3997,intrigue,2,20
3998,interested,2,20
3999,unsure,2,20
4000,dog,1,21
4001,limping,1,21
4002,panting,1,21
4003,struggling,1,21
4004,breathing,1,21
4005,injured,1,21
4006,dog,1,21
4007,thirsty,1,21
4008,legs,1,21
4009,walk,1,21
4010,dog,1,21
4011,crawling,1,21
4012,grass,1,21
4013,legs,1,21
4014,tongue,1,21
4015,dog,1,21
4016,wounded,1,21
4017,grass,1,21
4018,limping,1,21
4019,sad,1,21
4020,dog,1,21
4021,injured,1,21
4022,legs,1,21
4023,dragging,1,21
4024,hurt,1,21
4025,injured,1,21
4026,sad,1,21
4027,lonely,1,21
4028,depressed,1,21
4029,emotional,1,21
4030,injured,1,21
4031,dog,1,21
4032,green-grass,1,21
4033,dragging,1,21
4034,leg,1,21
4035,injury,1,21
4036,dog,1,21
4037,grass,1,21
4038,rope,1,21
4039,pull,1,21
4040,pitbull,1,21
4041,leash,1,21
4042,animal,1,21
4043,injured,1,21
4044,walking,1,21
4045,dog,1,21
4046,dragged-dog,1,21
4047,tongue-lolling,1,21
4048,animal-abuse,1,21
4049,grass,1,21
4050,dog,1,21
4051,dehydrated,1,21
4052,dragged,1,21
4053,confusing,1,21
4054,dog,1,21
4055,paralysis,1,21
4056,crippled,1,21
4057,unable-to-walk,1,21
4058,puppy,1,21
4059,dog,1,21
4060,dog,1,21
4061,poorly,1,21
4062,disabled,1,21
4063,pull,1,21
4064,lead,1,21
4065,dog,1,21
4066,pain,1,21
4067,hurt,1,21
4068,injured,1,21
4069,tired,1,21
4070,dog,1,21
4071,injured,1,21
4072,drag,1,21
4073,lead,1,21
4074,pain,1,21
4075,dog,1,21
4076,injured,1,21
4077,leash,1,21
4078,spotted-animal,1,21
4079,tired,1,21
4080,dog,1,21
4081,leach,1,21
4082,tongue,1,21
4083,legs,1,21
4084,crowl,1,21
4085,joy,1,21
4086,friend,1,21
4087,safe,1,21
4088,walk,1,21
4089,park,1,21
4090,determination,1,21
4091,dog,1,21
4092,lead,1,21
4093,walk,1,21
4094,saved,1,21
4095,ambiguous,1,21
4096,unknowable,1,21
4097,dog,1,21
4098,paralysed,1,21
4099,pitbull,1,21
4100,empathy,2,21
4101,compassion,2,21
4102,hope,2,21
4103,curious,2,21
4104,love,2,21
4105,incoherent,2,21
4106,rattled,2,21
4107,watchful,2,21
4108,leery,2,21
4109,guarded,2,21
4110,sad,2,21
4111,upset,2,21
4112,worry,2,21
4113,concern,2,21
4114,hope,2,21
4115,sad,2,21
4116,angry,2,21
4117,devastated,2,21
4118,heart-broken,2,21
4119,hurt,2,21
4120,sadness,2,21
4121,pained,2,21
4122,upset,2,21
4123,hurt,2,21
4124,humiliated,2,21
4125,concerned,2,21
4126,sad,2,21
4127,upset,2,21
4128,disturbed,2,21
4129,worried,2,21
4130,sad,2,21
4131,indured,2,21
4132,damaged,2,21
4133,damage,2,21
4134,dog,2,21
4135,sad,2,21
4136,empathetic,2,21
4137,worry,2,21
4138,sympathy,2,21
4139,concern,2,21
4140,disabled,2,21
4141,unfortunate,2,21
4142,sad,2,21
4143,exhausted,2,21
4144,healthy,2,21
4145,funny,2,21
4146,lazy,2,21
4147,loving,2,21
4148,smart,2,21
4149,annoyed,2,21
4150,funny,2,21
4151,lazy,2,21
4152,happy,2,21
4153,interested,2,21
4154,motivated,2,21
4155,helpless,2,21
4156,concern,2,21
4157,sad,2,21
4158,neglected,2,21
4159,anger,2,21
4160,sadness,2,21
4161,pain,2,21
4162,angry,2,21
4163,sorrowful,2,21
4164,dejected,2,21
4165,sad,2,21
4166,inspired,2,21
4167,curious,2,21
4168,sympathetic,2,21
4169,calm,2,21
4170,sad,2,21
4171,calm,2,21
4172,happy,2,21
4173,readiness,2,21
4174,eager,2,21
4175,empathetic,2,21
4176,sadness,2,21
4177,grief,2,21
4178,depressed,2,21
4179,dejected,2,21
4180,uncaring,2,21
4181,afraid,2,21
4182,disgusted,2,21
4183,annoyed,2,21
4184,dismayed,2,21
4185,concern,2,21
4186,pity,2,21
4187,angry,2,21
4188,sadness,2,21
4189,grief,2,21
4190,sad,2,21
4191,sympathetic,2,21
4192,worried,2,21
4193,unhappy,2,21
4194,confused,2,21
4195,sad,2,21
4196,sweetness,2,21
4197,sympathy,2,21
4198,hopeful,2,21
4199,caring,2,21
4200,man,1,22
4201,basketball,1,22
4202,ball,1,22
4203,hoop,1,22
4204,scored,1,22
4205,excitement,1,22
4206,basketball,1,22
4207,strong,1,22
4208,happy,1,22
4209,win,1,22
4210,lebron,1,22
4211,dunk,1,22
4212,basketball,1,22
4213,amazing,1,22
4214,physical,1,22
4215,exciting,1,22
4216,game,1,22
4217,jump,1,22
4218,run,1,22
4219,happy,1,22
4220,basketball,1,22
4221,goal,1,22
4222,celebration,1,22
4223,happy,1,22
4224,tall,1,22
4225,victory,1,22
4226,scored,1,22
4227,excited,1,22
4228,lucky,1,22
4229,impressive,1,22
4230,scoring,1,22
4231,victory,1,22
4232,basketball,1,22
4233,win,1,22
4234,player,1,22
4235,game,1,22
4236,winning,1,22
4237,exciting,1,22
4238,ball,1,22
4239,running,1,22
4240,basketball-game,1,22
4241,basketball-player,1,22
4242,goal,1,22
4243,win,1,22
4244,victory,1,22
4245,excitement,1,22
4246,goal,1,22
4247,basketball,1,22
4248,men,1,22
4249,speed,1,22
4250,dunk,1,22
4251,basketball,1,22
4252,exhilarating,1,22
4253,professional-athlete,1,22
4254,skilled,1,22
4255,dunk,1,22
4256,nba,1,22
4257,cavs,1,22
4258,basketball,1,22
4259,pro,1,22
4260,slam-dunk,1,22
4261,basketball,1,22
4262,basket,1,22
4263,power,1,22
4264,score,1,22
4265,excited,1,22
4266,happy,1,22
4267,basketball,1,22
4268,active,1,22
4269,running,1,22
4270,23,1,22
4271,basketball,1,22
4272,score,1,22
4273,celebrate,1,22
4274,happy,1,22
4275,basketball,1,22
4276,score,1,22
4277,excited,1,22
4278,tired,1,22
4279,game,1,22
4280,men,1,22
4281,sport,1,22
4282,basketbal,1,22
4283,hoop,1,22
4284,happy,1,22
4285,play,1,22
4286,jump,1,22
4287,fun,1,22
4288,enjoy,1,22
4289,win,1,22
4290,win,1,22
4291,slam,1,22
4292,basketball,1,22
4293,dunk,1,22
4294,scoring,1,22
4295,slam-dunk,1,22
4296,basketball,1,22
4297,showboat,1,22
4298,lights,1,22
4299,stadium,1,22
4300,excited,2,22
4301,impressed,2,22
4302,exhilirated,2,22
4303,happy,2,22
4304,energized,2,22
4305,spirited,2,22
4306,enthusiastic,2,22
4307,euphoric,2,22
4308,giddy,2,22
4309,elated,2,22
4310,victory,2,22
4311,strong,2,22
4312,amazed,2,22
4313,power,2,22
4314,excite,2,22
4315,excited,2,22
4316,energized,2,22
4317,happy,2,22
4318,hyper,2,22
4319,joyous,2,22
4320,excited,2,22
4321,happiness,2,22
4322,joy,2,22
4323,energized,2,22
4324,victorious,2,22
4325,neutral,2,22
4326,annoyed,2,22
4327,indifferent,2,22
4328,apathetic,2,22
4329,irritated,2,22
4330,scored,2,22
4331,slowmo,2,22
4332,happy,2,22
4333,ecstatic,2,22
4334,excitement,2,22
4335,excite,2,22
4336,inspired,2,22
4337,admiration,2,22
4338,hyped,2,22
4339,interested,2,22
4340,le,2,22
4341,bron,2,22
4342,dunks,2,22
4343,impressive,2,22
4344,calibrated,2,22
4345,hyped,2,22
4346,anger,2,22
4347,traitor,2,22
4348,greedy,2,22
4349,envious,2,22
4350,happy,2,22
4351,joyful,2,22
4352,motivated,2,22
4353,amazed,2,22
4354,happy,2,22
4355,furfilled,2,22
4356,hair-raising,2,22
4357,wishful,2,22
4358,invigorating,2,22
4359,impressed,2,22
4360,motivated,2,22
4361,excited,2,22
4362,encouraged,2,22
4363,inspired,2,22
4364,refreshed,2,22
4365,bored,2,22
4366,impatient,2,22
4367,numb,2,22
4368,dull,2,22
4369,annoyed,2,22
4370,exciting,2,22
4371,happy,2,22
4372,amused,2,22
4373,entertained,2,22
4374,cheer,2,22
4375,impressed,2,22
4376,awe,2,22
4377,enjoyment,2,22
4378,pride,2,22
4379,pleased,2,22
4380,bored,2,22
4381,disinterested,2,22
4382,sleepy,2,22
4383,agony,2,22
4384,avoidant,2,22
4385,excited,2,22
4386,happy,2,22
4387,amazed,2,22
4388,wonder,2,22
4389,amazement,2,22
4390,happy,2,22
4391,excited,2,22
4392,ecstatic,2,22
4393,proud,2,22
4394,joyful,2,22
4395,excitedd,2,22
4396,surprised,2,22
4397,drawn-in,2,22
4398,rooting-for,2,22
4399,delight,2,22
4400,car,1,23
4401,plane,1,23
4402,accident,1,23
4403,plane-crash,1,23
4404,fire,1,23
4405,plane,1,23
4406,crash,1,23
4407,windy,1,23
4408,movement,1,23
4409,disaster,1,23
4410,plane,1,23
4411,crash,1,23
4412,weird,1,23
4413,devastating,1,23
4414,terrible,1,23
4415,crash,1,23
4416,airplane,1,23
4417,scary,1,23
4418,terrifying,1,23
4419,fire,1,23
4420,plane,1,23
4421,crash,1,23
4422,fire,1,23
4423,unreal,1,23
4424,car,1,23
4425,tragic,1,23
4426,nervous,1,23
4427,panic,1,23
4428,worry,1,23
4429,shocked,1,23
4430,airpline,1,23
4431,car,1,23
4432,accident,1,23
4433,crash,1,23
4434,explosion,1,23
4435,plane,1,23
4436,car,1,23
4437,accident,1,23
4438,fire,1,23
4439,crash,1,23
4440,airplanecrash,1,23
4441,cloudy,1,23
4442,accident,1,23
4443,fire,1,23
4444,death,1,23
4445,plane,1,23
4446,cars,1,23
4447,road,1,23
4448,fire,1,23
4449,plane-crash,1,23
4450,plane,1,23
4451,crash,1,23
4452,shocking,1,23
4453,fear,1,23
4454,road,1,23
4455,plane-crash,1,23
4456,explosion,1,23
4457,terror,1,23
4458,tragic,1,23
4459,death,1,23
4460,crash,1,23
4461,airplane,1,23
4462,disaster,1,23
4463,plane-crash,1,23
4464,horror,1,23
4465,plane,1,23
4466,crash,1,23
4467,explosion,1,23
4468,fire,1,23
4469,injured,1,23
4470,plane,1,23
4471,crash,1,23
4472,road,1,23
4473,clouds,1,23
4474,cars,1,23
4475,crash,1,23
4476,technical-error,1,23
4477,dead-bodies,1,23
4478,aeroplane,1,23
4479,fear,1,23
4480,plane,1,23
4481,vehicle,1,23
4482,crash,1,23
4483,fire,1,23
4484,smoke,1,23
4485,strong-wind,1,23
4486,tragedy,1,23
4487,fire,1,23
4488,death,1,23
4489,no-surviver,1,23
4490,crashing,1,23
4491,shocked,1,23
4492,falling,1,23
4493,death,1,23
4494,disbelief,1,23
4495,aborted-takeoff,1,23
4496,plane-crash,1,23
4497,disaster,1,23
4498,explosion,1,23
4499,falling,1,23
4500,horror,2,23
4501,scared,2,23
4502,worried,2,23
4503,depressed,2,23
4504,desperation,2,23
4505,dread,2,23
4506,chilled,2,23
4507,spooked,2,23
4508,distress,2,23
4509,bizzare,2,23
4510,horrible,2,23
4511,terrified,2,23
4512,sad,2,23
4513,shocked,2,23
4514,angry,2,23
4515,nervous,2,23
4516,terrified,2,23
4517,scared,2,23
4518,anxious,2,23
4519,freaked-out,2,23
4520,terrified,2,23
4521,sadness,2,23
4522,angry,2,23
4523,upset,2,23
4524,grieved,2,23
4525,shocked,2,23
4526,concerned,2,23
4527,curious,2,23
4528,worried,2,23
4529,anxious,2,23
4530,danger,2,23
4531,fear,2,23
4532,scary,2,23
4533,scared,2,23
4534,sad,2,23
4535,fear,2,23
4536,concern,2,23
4537,shock,2,23
4538,worry,2,23
4539,upset,2,23
4540,explosion,2,23
4541,turbulence,2,23
4542,disaster,2,23
4543,grounded,2,23
4544,loss,2,23
4545,disgusted,2,23
4546,worried,2,23
4547,glad-i-survived,2,23
4548,guilt,2,23
4549,curious,2,23
4550,afraid,2,23
4551,anxious,2,23
4552,scared,2,23
4553,unpleased,2,23
4554,sad,2,23
4555,stunned,2,23
4556,traumetized,2,23
4557,scared,2,23
4558,despairing,2,23
4559,glum,2,23
4560,afraid,2,23
4561,sorrowful,2,23
4562,crushed,2,23
4563,sadness,2,23
4564,wounded,2,23
4565,anxious,2,23
4566,shocked,2,23
4567,scared,2,23
4568,worried,2,23
4569,amazed,2,23
4570,stunned,2,23
4571,surprised,2,23
4572,uncertain,2,23
4573,afraid,2,23
4574,sad,2,23
4575,fear,2,23
4576,powerless,2,23
4577,shock,2,23
4578,tense,2,23
4579,troubled,2,23
4580,amazed,2,23
4581,perplexed,2,23
4582,entranced,2,23
4583,neutral,2,23
4584,horrified,2,23
4585,fear,2,23
4586,hopeless,2,23
4587,sadness,2,23
4588,attentive,2,23
4589,condolence,2,23
4590,worried,2,23
4591,scared,2,23
4592,frightened,2,23
4593,afraid,2,23
4594,emotional,2,23
4595,shocked,2,23
4596,speechless,2,23
4597,baffled,2,23
4598,sad,2,23
4599,unsure,2,23
4600,rollerskating,1,24
4601,fast,1,24
4602,winning,1,24
4603,finish-line,1,24
4604,happy,1,24
4605,skating,1,24
4606,loser,1,24
4607,cocky,1,24
4608,silly,1,24
4609,lost,1,24
4610,justice,1,24
4611,showboat,1,24
4612,win,1,24
4613,loser,1,24
4614,robbed,1,24
4615,race,1,24
4616,marathon,1,24
4617,lack-lustre,1,24
4618,happy,1,24
4619,finish,1,24
4620,skaters,1,24
4621,race,1,24
4622,winning,1,24
4623,arms,1,24
4624,trying,1,24
4625,unlucky,1,24
4626,boasting,1,24
4627,attention,1,24
4628,proud,1,24
4629,ahead,1,24
4630,skating,1,24
4631,sport,1,24
4632,players,1,24
4633,close-call,1,24
4634,win,1,24
4635,playing,1,24
4636,roller-skate,1,24
4637,men,1,24
4638,competition,1,24
4639,roller-rink,1,24
4640,man,1,24
4641,rolling,1,24
4642,game,1,24
4643,victory,1,24
4644,winning,1,24
4645,fool-hardy,1,24
4646,speed,1,24
4647,men,1,24
4648,speed-skating,1,24
4649,pre-emptive,1,24
4650,funny,1,24
4651,ice-skating,1,24
4652,sport,1,24
4653,olympics,1,24
4654,celebration,1,24
4655,funny,1,24
4656,deserved,1,24
4657,feel-good,1,24
4658,never-celebrate-too-early,1,24
4659,winner,1,24
4660,shame,1,24
4661,beaten,1,24
4662,lost,1,24
4663,showing-off,1,24
4664,embarrassing,1,24
4665,competitive,1,24
4666,sport,1,24
4667,race,1,24
4668,skating,1,24
4669,winning,1,24
4670,skating,1,24
4671,race,1,24
4672,win,1,24
4673,surprise,1,24
4674,victory,1,24
4675,competition,1,24
4676,rollerblading,1,24
4677,helmet,1,24
4678,dangerous,1,24
4679,competitors,1,24
4680,skate,1,24
4681,line,1,24
4682,men,1,24
4683,two,1,24
4684,fast,1,24
4685,skill,1,24
4686,pushing,1,24
4687,stuped,1,24
4688,go,1,24
4689,watchout,1,24
4690,fail,1,24
4691,early,1,24
4692,dumb,1,24
4693,skating,1,24
4694,second,1,24
4695,premature-celebration,1,24
4696,showboating,1,24
4697,rollerscating,1,24
4698,pipped,1,24
4699,snatched,1,24
4700,cheerful,2,24
4701,impressed,2,24
4702,shocked,2,24
4703,happy,2,24
4704,surprised,2,24
4705,flop,2,24
4706,entertained,2,24
4707,preposterous,2,24
4708,witty,2,24
4709,ridiculous,2,24
4710,laughter,2,24
4711,funny,2,24
4712,embarrassed,2,24
4713,joy,2,24
4714,stupid,2,24
4715,happy,2,24
4716,calm,2,24
4717,relaxed,2,24
4718,bored,2,24
4719,glad,2,24
4720,humiliated,2,24
4721,excited,2,24
4722,frustration,2,24
4723,determined,2,24
4724,energized,2,24
4725,curious,2,24
4726,neutral,2,24
4727,bored,2,24
4728,indifferent,2,24
4729,passive,2,24
4730,embarassment,2,24
4731,happy,2,24
4732,sad,2,24
4733,winner,2,24
4734,loser,2,24
4735,excite,2,24
4736,inspired,2,24
4737,happy,2,24
4738,interested,2,24
4739,hyped,2,24
4740,cocky,2,24
4741,showboat,2,24
4742,ignorant,2,24
4743,arrogant,2,24
4744,tide-turner,2,24
4745,idiot,2,24
4746,justice,2,24
4747,good,2,24
4748,happy,2,24
4749,pumped,2,24
4750,funny,2,24
4751,entertained,2,24
4752,karma,2,24
4753,interested,2,24
4754,deserved,2,24
4755,amused,2,24
4756,nail-biting,2,24
4757,thrilling,2,24
4758,entertained,2,24
4759,stimulated,2,24
4760,amused,2,24
4761,pleased,2,24
4762,delighted,2,24
4763,assured,2,24
4764,calm,2,24
4765,amused,2,24
4766,curious,2,24
4767,laughter,2,24
4768,excited,2,24
4769,embarrassed,2,24
4770,amused,2,24
4771,laugh,2,24
4772,smile,2,24
4773,funny,2,24
4774,happy,2,24
4775,amused,2,24
4776,surprised,2,24
4777,disbelief,2,24
4778,surprised,2,24
4779,cynical,2,24
4780,bored,2,24
4781,falling-asleep,2,24
4782,dismayed,2,24
4783,avoidant,2,24
4784,drained,2,24
4785,happyness,2,24
4786,stupidity,2,24
4787,careless,2,24
4788,premature,2,24
4789,wonder,2,24
4790,empathetic,2,24
4791,pitiful,2,24
4792,sad,2,24
4793,angst,2,24
4794,optimistic,2,24
4795,feel-for,2,24
4796,calm,2,24
4797,intrigued,2,24
4798,empathise,2,24
4799,lost,2,24
4800,boy,1,25
4801,home-alone,1,25
4802,men,1,25
4803,hanging,1,25
4804,fear,1,25
4805,child,1,25
4806,home,1,25
4807,burglers,1,25
4808,christmas,1,25
4809,movie,1,25
4810,funny,1,25
4811,kevin,1,25
4812,film,1,25
4813,christmas,1,25
4814,bandits,1,25
4815,funny,1,25
4816,scary,1,25
4817,kid,1,25
4818,frighten,1,25
4819,tough,1,25
4820,home,1,25
4821,alone,1,25
4822,funny,1,25
4823,film,1,25
4824,clip,1,25
4825,comedy,1,25
4826,playful,1,25
4827,teasing,1,25
4828,bullying,1,25
4829,thieves,1,25
4830,home-alone,1,25
4831,movie,1,25
4832,scared,1,25
4833,kid,1,25
4834,thieves,1,25
4835,criminals,1,25
4836,child,1,25
4837,robe,1,25
4838,door,1,25
4839,hands,1,25
4840,traumatic,1,25
4841,threatening,1,25
4842,child,1,25
4843,man,1,25
4844,bullies,1,25
4845,males,1,25
4846,finger,1,25
4847,robbers,1,25
4848,child-abuse,1,25
4849,actors,1,25
4850,movie,1,25
4851,revenge,1,25
4852,intruders,1,25
4853,bruises,1,25
4854,biting,1,25
4855,home-alone,1,25
4856,christmas,1,25
4857,christmas-movie,1,25
4858,kevin,1,25
4859,home-alone-the-movie,1,25
4860,hom-alone,1,25
4861,burglars,1,25
4862,comedy,1,25
4863,film,1,25
4864,entertainment,1,25
4865,danger,1,25
4866,scared,1,25
4867,hurt,1,25
4868,pain,1,25
4869,lonely,1,25
4870,home-alone,1,25
4871,boy,1,25
4872,villans,1,25
4873,burglar,1,25
4874,scary,1,25
4875,home-alone,1,25
4876,movie,1,25
4877,christmas,1,25
4878,thieves,1,25
4879,boy,1,25
4880,two,1,25
4881,men,1,25
4882,one,1,25
4883,child,1,25
4884,white,1,25
4885,home-alone,1,25
4886,kick,1,25
4887,scream,1,25
4888,movie,1,25
4889,kinds,1,25
4890,classic,1,25
4891,homealone,1,25
4892,christmas,1,25
4893,biting,1,25
4894,baddies,1,25
4895,suspicious,1,25
4896,inappropriate,1,25
4897,surprising,1,25
4898,finger,1,25
4899,mouth,1,25
4900,reminiscence,2,25
4901,intrigued,2,25
4902,wonder,2,25
4903,confused,2,25
4904,reflective,2,25
4905,hostile,2,25
4906,steaming,2,25
4907,rabid,2,25
4908,perturbed,2,25
4909,ticked,2,25
4910,scared,2,25
4911,terror,2,25
4912,trapped,2,25
4913,funny,2,25
4914,curious,2,25
4915,happy,2,25
4916,calm,2,25
4917,joy,2,25
4918,nervous,2,25
4919,childlike,2,25
4920,scared,2,25
4921,uncertain,2,25
4922,terrified,2,25
4923,afraid,2,25
4924,upset,2,25
4925,annoyed,2,25
4926,familiar,2,25
4927,unconcerned,2,25
4928,entertained,2,25
4929,uninterested,2,25
4930,fear,2,25
4931,scary,2,25
4932,scared,2,25
4933,fearful,2,25
4934,sad,2,25
4935,humorous,2,25
4936,laugh,2,25
4937,nostalgic,2,25
4938,giggly,2,25
4939,fun,2,25
4940,paedophilia,2,25
4941,weird,2,25
4942,film,2,25
4943,witty,2,25
4944,christmas,2,25
4945,nostalgic,2,25
4946,sad,2,25
4947,hopeful,2,25
4948,amused,2,25
4949,old,2,25
4950,entertained,2,25
4951,scared,2,25
4952,anxious,2,25
4953,annoyed,2,25
4954,uneasy,2,25
4955,nostalgic,2,25
4956,daunted,2,25
4957,reflective,2,25
4958,uncomfortable,2,25
4959,trapped,2,25
4960,amused,2,25
4961,calm,2,25
4962,nostalgic,2,25
4963,creative,2,25
4964,inspired,2,25
4965,confused,2,25
4966,nostalgic,2,25
4967,interested,2,25
4968,impatient,2,25
4969,interested,2,25
4970,afraid,2,25
4971,uncertain,2,25
4972,nostalgic,2,25
4973,sad,2,25
4974,calm,2,25
4975,nostalgia,2,25
4976,surprise,2,25
4977,interest,2,25
4978,intrigued,2,25
4979,suspense,2,25
4980,bored,2,25
4981,overplayed,2,25
4982,backround-noise,2,25
4983,upset,2,25
4984,avoidant,2,25
4985,happyness,2,25
4986,nostelgic,2,25
4987,excited,2,25
4988,fun,2,25
4989,calm,2,25
4990,sad,2,25
4991,angry,2,25
4992,worried,2,25
4993,protective,2,25
4994,unhappy,2,25
4995,nostalgia,2,25
4996,bemused,2,25
4997,shocked,2,25
4998,drawn-in,2,25
4999,de-ja-vu,2,25
