,participant,word1,rating1,slider1.rt,word2,rating2,slider2.rt,word3,rating3,slider3.rt,word4,rating4,slider4.rt,word5,rating5,slider5.rt
12,596f003434773e0001fc0d28,hungry,5.0,9.783,excited,4.0,7.947,happy,5.0,13.392,satisfied,4.0,7.697,craving,4.0,18.643
13,596f003434773e0001fc0d28,triumphant,4.0,8.74,stoic,3.0,12.936,reserved,3.0,6.833,reflective,4.0,23.903,wondering,3.0,13.605
14,596f003434773e0001fc0d28,upset,5.0,4.961,horrified,5.0,4.075,taken-aback,5.0,5.694,disappointed,5.0,5.279,shocked,5.0,5.412
15,596f003434773e0001fc0d28,anxious,5.0,4.81,nervous,5.0,4.202,satisfied,4.0,8.923,curious,4.0,14.509,compassion,4.0,10.684
16,596f003434773e0001fc0d28,disgusted,5.0,7.412,upset,4.0,5.813,abhorrent,4.0,14.004,yucky,5.0,20.195,turn-away,5.0,25.87
17,596f003434773e0001fc0d28,happya,4.0,5.345,impressed,4.0,5.234,energized,4.0,5.162,excited,4.0,8.654,relieved,4.0,21.862
18,596f003434773e0001fc0d28,sad,4.0,5.035,hopeful,4.0,3.82,disgust,2.0,13.54,upset,4.0,11.105,compassion,4.0,5.002
19,596f003434773e0001fc0d28,confused,4.0,5.154,unsure,4.0,4.111,excited,3.0,8.189,energized,4.0,13.128,pumped,3.0,6.918
20,596f003434773e0001fc0d28,empathy,4.0,4.159,anxious,4.0,6.17,worry,4.0,3.192,wonder,3.0,5.201,concerned,4.0,6.632
21,596f003434773e0001fc0d28,annoyed,4.0,5.469,frustrated,4.0,4.8,less-than,4.0,23.163,underappreciated,4.0,7.146,jealous,4.0,11.273
22,596f003434773e0001fc0d28,concerned,4.0,7.363,afraid,5.0,3.125,worried,5.0,4.987,nervous,4.0,7.03,relieved,5.0,5.244
23,596f003434773e0001fc0d28,confused,3.0,6.485,angry,4.0,4.327,annoyed,4.0,3.284,frustrated,4.0,3.893,rage,5.0,32.045
24,596f003434773e0001fc0d28,wonder,3.0,5.252,disbelief,3.0,3.932,curiousity,3.0,15.874,frustrated,3.0,13.026,let-down,3.0,7.18
25,596f003434773e0001fc0d28,nervous,4.0,4.728,in-awe,5.0,3.826,anxious,4.0,9.172,fearful,4.0,3.351,exhilirated,4.0,7.081
26,596f003434773e0001fc0d28,intrigued,4.0,4.977,curious,5.0,3.367,wonder,5.0,4.595,excited,3.0,12.169,exhilirated,3.0,46.705
27,596f003434773e0001fc0d28,horror,4.0,6.162,shock,4.0,3.636,worry,4.0,3.292,fear,4.0,3.743,sadness,4.0,3.53
28,596f003434773e0001fc0d28,heartwarming,4.0,9.866,compassion,4.0,3.553,warmth,4.0,3.878,empathy,3.0,5.412,happiness,4.0,3.726
29,596f003434773e0001fc0d28,disgust,3.0,8.454,nervous,3.0,15.64,anxious,3.0,3.867,annoyed,2.0,18.007,sadness,2.0,51.811
30,596f003434773e0001fc0d28,worry,4.0,3.819,concerned,5.0,4.392,upset,5.0,3.277,shocked,3.0,16.362,frustrated,2.0,16.958
31,596f003434773e0001fc0d28,empty,4.0,5.937,bored,4.0,4.193,abandoned,4.0,8.888,depressed,3.0,5.463,wonder,3.0,5.661
32,596f003434773e0001fc0d28,empathy,4.0,6.195,compassion,4.0,3.801,hope,4.0,3.426,curious,3.0,39.199,love,3.0,6.678
33,596f003434773e0001fc0d28,excited,4.0,5.184,impressed,4.0,3.978,exhilirated,4.0,5.367,happy,4.0,3.533,energized,4.0,9.581
34,596f003434773e0001fc0d28,horror,5.0,4.41,scared,4.0,3.069,worried,4.0,4.211,depressed,4.0,6.162,desperation,4.0,9.29
35,596f003434773e0001fc0d28,cheerful,3.0,5.45,impressed,4.0,6.045,shocked,4.0,3.292,happy,4.0,4.315,surprised,4.0,10.752
36,596f003434773e0001fc0d28,reminiscence,4.0,7.447,intrigued,3.0,12.636,wonder,3.0,4.677,confused,3.0,8.106,reflective,3.0,53.418
50,5f1b9073b07b733a1b4fdd8b,hungry,4.0,21.143,sweet,4.0,63.92,happiness,4.0,40.767,content,4.0,10.846,satisfied,4.0,19.879
51,5f1b9073b07b733a1b4fdd8b,terror,4.0,43.148,hatred,4.0,11.087,fear,4.0,19.03,panic,4.0,9.597,pain,4.0,12.168
52,5f1b9073b07b733a1b4fdd8b,shocked,4.0,8.201,appalled,4.0,10.099,astonished,4.0,7.286,stunned,4.0,20.242,frightened,4.0,26.734
53,5f1b9073b07b733a1b4fdd8b,empathetic,4.0,22.29,warmth,4.0,17.623,relief,4.0,2.983,happiness,4.0,7.102,joy,4.0,20.704
54,5f1b9073b07b733a1b4fdd8b,disgust,4.0,9.71,anguish,4.0,3.227,appalled,4.0,28.324,sick,4.0,23.148,nausea,4.0,24.693
55,5f1b9073b07b733a1b4fdd8b,happiness,4.0,6.067,victory,4.0,5.244,triumph,4.0,15.684,connected,4.0,3.317,gleeful,4.0,67.686
56,5f1b9073b07b733a1b4fdd8b,happiness,4.0,9.268,compassion,4.0,38.218,optimistic,4.0,66.888,hopeful,4.0,15.237,confident,4.0,4.558
57,5f1b9073b07b733a1b4fdd8b,awkward,4.0,7.661,embarassment,4.0,19.267,uncertain,4.0,66.307,humourous,4.0,30.078,comical,4.0,6.536
58,5f1b9073b07b733a1b4fdd8b,uncomfortable,4.0,11.313,alarmed,4.0,14.341,startled,4.0,11.87,pain,4.0,3.264,suffering,4.0,55.476
59,5f1b9073b07b733a1b4fdd8b,happy,4.0,47.102,excite,4.0,9.267,inspiration,4.0,52.793,fortune,4.0,46.912,merry,4.0,5.418
60,5f1b9073b07b733a1b4fdd8b,suspense,4.0,6.732,anxious,4.0,15.54,nervous,4.0,10.11,tense,4.0,5.862,anxiety,4.0,17.667
61,5f1b9073b07b733a1b4fdd8b,annoyance,4.0,22.558,riled,4.0,29.201,furious,4.0,18.326,mad,4.0,7.218,seeth,4.0,4.699
62,5f1b9073b07b733a1b4fdd8b,provoked,4.0,53.275,irk,4.0,19.454,exasperate,4.0,15.611,trouble,4.0,5.208,disturb,4.0,6.66
63,5f1b9073b07b733a1b4fdd8b,perplex,4.0,16.129,exhilaration,4.0,44.081,thrill,4.0,5.958,adventure,4.0,8.349,motivated,4.0,22.037
64,5f1b9073b07b733a1b4fdd8b,curious,4.0,7.35,confusion,4.0,14.872,odd,4.0,7.57,unexpected,4.0,7.001,puzzled,4.0,8.723
65,5f1b9073b07b733a1b4fdd8b,helpless,4.0,47.063,intimidated,4.0,17.007,petrify,4.0,7.529,worry,4.0,18.715,timid,4.0,18.413
66,5f1b9073b07b733a1b4fdd8b,love,4.0,40.469,endearment,4.0,16.43,affection,4.0,50.135,passion,4.0,6.51,homeliness,4.0,27.262
67,5f1b9073b07b733a1b4fdd8b,aghast,4.0,198.034,horror-struck,4.0,10.659,daunted,4.0,20.045,obscure,4.0,21.984,baffled,4.0,24.626
68,5f1b9073b07b733a1b4fdd8b,mystified,4.0,44.258,foggy,4.0,11.841,confound,4.0,10.728,blurred,4.0,15.613,befuddled,4.0,10.987
69,5f1b9073b07b733a1b4fdd8b,calm,4.0,5.37,peace,4.0,6.439,quiet,4.0,7.579,composed,4.0,24.043,serenity,4.0,23.384
70,5f1b9073b07b733a1b4fdd8b,incoherent,4.0,33.433,rattled,4.0,24.652,watchful,4.0,105.227,leery,4.0,13.378,guarded,4.0,3.042
71,5f1b9073b07b733a1b4fdd8b,spirited,4.0,24.156,enthusiastic,4.0,22.062,euphoric,4.0,12.248,giddy,4.0,2.964,elated,4.0,5.975
72,5f1b9073b07b733a1b4fdd8b,dread,4.0,37.513,chilled,4.0,53.674,spooked,4.0,17.885,distress,4.0,9.006,bizzare,4.0,36.294
73,5f1b9073b07b733a1b4fdd8b,flop,4.0,29.239,entertained,4.0,43.212,preposterous,4.0,18.372,witty,4.0,8.22,ridiculous,4.0,9.211
74,5f1b9073b07b733a1b4fdd8b,hostile,4.0,22.722,steaming,4.0,93.634,rabid,4.0,6.573,perturbed,4.0,32.026,ticked,4.0,22.17
88,5f5ab17f73b8271b147a50a4,bored,5.0,7.1762,nothing,4.0,8.6199,gross,3.0,5.082,diabetic,3.0,7.4785,full,3.0,2.8632
89,5f5ab17f73b8271b147a50a4,angry,3.0,7.1739,curious,3.0,15.2318,calm,3.0,7.2802,confused,3.0,10.1198,strong,3.0,19.1827
90,5f5ab17f73b8271b147a50a4,shock,4.0,6.5366,confused,4.0,3.7154,angry,4.0,3.7193,disgust,4.0,5.3645,mad,4.0,10.5511
91,5f5ab17f73b8271b147a50a4,sad,4.0,3.5664,hopeful,4.0,5.0759,safe,4.0,2.8399,intrigued,4.0,4.1736,relief,5.0,5.9416
92,5f5ab17f73b8271b147a50a4,digust,5.0,4.9815,cnfused,4.0,5.6542,shocked,4.0,8.0422,gross,4.0,2.677,unhappy,4.0,10.5399
93,5f5ab17f73b8271b147a50a4,happy,3.0,6.6811,relief,3.0,4.1765,excite,2.0,4.0669,good,3.0,14.8785,attracted,3.0,7.2825
94,5f5ab17f73b8271b147a50a4,sad,5.0,2.5609,angry,5.0,3.2566,relief,4.0,3.1154,care,4.0,7.5804,hope,4.0,2.8392
95,5f5ab17f73b8271b147a50a4,funny,4.0,4.4627,jokes,4.0,3.7116,ridiculous,4.0,5.5477,sorry,4.0,2.5338,happy,4.0,7.3083
96,5f5ab17f73b8271b147a50a4,ow,5.0,2.3811,bad,5.0,4.3214,scared,4.0,2.0765,stunned,4.0,5.7727,pain,4.0,7.8614
97,5f5ab17f73b8271b147a50a4,angry,4.0,8.037,disgust,4.0,5.6981,wrong,4.0,19.5706,resent,3.0,4.0065,mad,4.0,7.2642
98,5f5ab17f73b8271b147a50a4,excite,4.0,4.0174,victorious,4.0,7.7544,relieved,4.0,2.9911,scared,4.0,6.9898,sweating,4.0,9.485
99,5f5ab17f73b8271b147a50a4,funny,5.0,4.3316,ridiculous,5.0,4.4902,justice,4.0,3.6032,angy,3.0,7.0347,happy,3.0,4.8148
100,5f5ab17f73b8271b147a50a4,bored,4.0,7.0179,confused,4.0,6.2414,strange,4.0,5.0561,unusual,4.0,14.3082,empty,4.0,2.5261
101,5f5ab17f73b8271b147a50a4,terror,4.0,3.89,amazed,5.0,2.4117,inspired,4.0,4.7553,scared,4.0,4.0363,wow,4.0,3.2692
102,5f5ab17f73b8271b147a50a4,confused,5.0,5.9513,curious,5.0,3.4483,gross,3.0,5.3692,amazed,3.0,9.9556,wonder,3.0,3.1547
103,5f5ab17f73b8271b147a50a4,ouch,4.0,12.6419,bad,5.0,5.2522,sorry,4.0,2.9685,sad,4.0,2.078,scared,5.0,3.4555
104,5f5ab17f73b8271b147a50a4,warm,5.0,2.6739,happy,5.0,2.3811,safe,5.0,2.2196,affectionate,5.0,4.1728,sweet,5.0,7.2818
105,5f5ab17f73b8271b147a50a4,funny,4.0,5.0665,aroused,4.0,7.2819,submissive,4.0,6.0913,laughing,4.0,20.885,surprised,4.0,6.4637
106,5f5ab17f73b8271b147a50a4,horribe,5.0,5.1827,shocked,5.0,3.4567,scared,5.0,2.9577,disgusted,5.0,3.2746,worried,5.0,2.8424
107,5f5ab17f73b8271b147a50a4,calm,4.0,5.5287,nothingness,4.0,4.919,fancy,4.0,3.7613,lonely,4.0,6.4051,solitude,5.0,6.5692
108,5f5ab17f73b8271b147a50a4,sad,5.0,2.6944,upset,5.0,4.5049,worry,5.0,8.8015,concern,5.0,4.1679,hope,3.0,4.7601
109,5f5ab17f73b8271b147a50a4,victory,5.0,9.9486,strong,5.0,3.6317,amazed,5.0,3.0126,power,5.0,3.4332,excite,5.0,2.5447
110,5f5ab17f73b8271b147a50a4,horrible,5.0,3.4438,terrified,5.0,5.2087,sad,5.0,2.2423,shocked,5.0,5.0629,angry,5.0,4.3239
111,5f5ab17f73b8271b147a50a4,laughter,5.0,5.5116,funny,5.0,5.6229,embarrassed,4.0,5.3661,joy,4.0,3.2819,stupid,4.0,8.1571
112,5f5ab17f73b8271b147a50a4,scared,4.0,3.7881,terror,4.0,8.3165,trapped,3.0,3.2835,funny,4.0,5.2197,curious,4.0,12.3348
126,5e0fac24500f066c547f6376,calm,4.0,6.878,excited,3.0,3.7627,hungry,4.0,2.9115,happiness,4.0,18.3861,tempted,4.0,5.1173
127,5e0fac24500f066c547f6376,nervous,4.0,19.2462,afraid,4.0,2.7138,calm,3.0,3.8646,unsure,3.0,3.0451,overwhelmed,3.0,3.1643
128,5e0fac24500f066c547f6376,shocked,5.0,5.3487,scared,4.0,2.3047,angry,5.0,2.5118,annoyed,4.0,3.4642,sad,4.0,1.9998
129,5e0fac24500f066c547f6376,sad,4.0,3.169,happy,5.0,2.3287,relieved,5.0,2.2142,nervous,5.0,2.6974,anxious,4.0,7.5163
130,5e0fac24500f066c547f6376,sick,4.0,3.3775,grossed-out,5.0,3.8463,shocked,4.0,3.3121,nervous,3.0,25.441,unsure,3.0,2.1618
131,5e0fac24500f066c547f6376,confused,3.0,18.9204,sad,3.0,3.882,scared,3.0,1.7845,confused,3.0,3.2809,calm,3.0,2.3948
132,5e0fac24500f066c547f6376,sad,4.0,2.539,unsure,3.0,2.9177,anxious,3.0,2.3501,nervous,4.0,2.3115,disappointed,4.0,6.6313
133,5e0fac24500f066c547f6376,excited,4.0,3.2886,energized,4.0,2.5282,happy,4.0,3.3802,hyper,4.0,7.2163,stoked,3.0,19.5228
134,5e0fac24500f066c547f6376,sick,4.0,3.5033,nervous,4.0,3.3518,scared,4.0,1.9806,put-off,3.0,5.1467,shocked,4.0,5.2683
135,5e0fac24500f066c547f6376,unsure,3.0,7.4882,confused,3.0,3.2947,shocked,3.0,41.6966,mad,3.0,1.8676,cnfused,3.0,3.7303
136,5e0fac24500f066c547f6376,scared,5.0,2.2956,shocked,4.0,2.5339,panicked,5.0,6.9817,nervous,5.0,2.564,frightened,5.0,3.6801
137,5e0fac24500f066c547f6376,annoyed,5.0,2.5903,surprised,3.0,2.8247,mad,4.0,2.163,nervous,2.0,3.4315,calm,2.0,4.1456
138,5e0fac24500f066c547f6376,too-fast,3.0,11.7426,unsure,3.0,2.5976,confused,3.0,2.8647,mad,3.0,1.6777,uncertain,3.0,2.4631
139,5e0fac24500f066c547f6376,scared,5.0,2.3069,nervous,5.0,2.6719,panic,5.0,2.6157,shocked,4.0,2.895,terrified,5.0,4.1131
140,5e0fac24500f066c547f6376,confused,4.0,3.1944,nervous,4.0,2.8177,scared,4.0,1.8288,unsettled,4.0,3.8156,sad,3.0,1.7131
141,5e0fac24500f066c547f6376,unsure,3.0,6.9599,confused,3.0,2.1968,fast,3.0,2.4643,calm,3.0,3.6622,sad,3.0,2.7956
142,5e0fac24500f066c547f6376,endearing,3.0,3.9707,loving,4.0,2.2297,calm,4.0,1.9474,happy,4.0,2.0615,relaxed,3.0,3.0783
143,5e0fac24500f066c547f6376,excited,4.0,8.0722,happy,3.0,9.0006,turned-on,3.0,4.2978,engaged,3.0,1.968,thrilled,3.0,3.4476
144,5e0fac24500f066c547f6376,shocked,5.0,3.8549,terrified,5.0,3.8975,scared,5.0,4.0296,overwhelmed,4.0,4.2811,anxious,4.0,2.096
145,5e0fac24500f066c547f6376,relaxed,4.0,3.1018,calm,4.0,2.0047,happy,4.0,2.1453,excited,4.0,4.2461,chill,3.0,2.5642
146,5e0fac24500f066c547f6376,sad,4.0,2.7164,angry,4.0,2.545,devastated,4.0,2.9298,heart-broken,4.0,5.4643,hurt,3.0,4.5974
147,5e0fac24500f066c547f6376,excited,4.0,2.8096,energized,4.0,2.4964,happy,4.0,2.4467,hyper,4.0,4.8993,joyous,3.0,3.7464
148,5e0fac24500f066c547f6376,nervous,5.0,8.842,terrified,5.0,2.5136,scared,5.0,2.1979,anxious,5.0,6.1494,freaked-out,5.0,3.2125
149,5e0fac24500f066c547f6376,happy,4.0,11.2888,calm,4.0,2.2464,relaxed,4.0,4.9131,bored,4.0,1.9778,glad,4.0,11.835
150,5e0fac24500f066c547f6376,happy,4.0,4.8365,calm,4.0,4.7816,joy,4.0,4.6993,nervous,2.0,10.3657,childlike,4.0,9.1818
164,60ff8160e8f2227f8b200510,interesting,4.0,5.7522,delicious,4.0,12.0757,surprising,5.0,7.7142,hungry,5.0,47.6946,excited,4.0,11.198
165,60ff8160e8f2227f8b200510,proud,5.0,3.6472,scared,4.0,4.7186,excited,5.0,9.4714,curious,5.0,8.0908,happy,4.0,5.1021
166,60ff8160e8f2227f8b200510,angry,5.0,7.4828,afraid,5.0,8.9308,sadness,5.0,6.6883,frustration,5.0,5.7507,pain,5.0,6.8996
167,60ff8160e8f2227f8b200510,happiness,5.0,4.9048,hopeful,5.0,3.3906,calm,5.0,6.8159,content,5.0,3.2521,excited,4.0,24.8428
168,60ff8160e8f2227f8b200510,disgusted,5.0,5.8189,scared,5.0,3.9788,angry,5.0,3.781,afraid,5.0,3.3914,pained,5.0,2.8619
169,60ff8160e8f2227f8b200510,happiness,5.0,4.2338,pride,5.0,4.5013,excited,5.0,5.8984,togetherness,5.0,15.1564,interested,4.0,25.4121
170,60ff8160e8f2227f8b200510,curious,5.0,2.9073,happy,5.0,3.7215,safe,5.0,18.2418,kindness,4.0,5.9837,calm,4.0,8.2153
171,60ff8160e8f2227f8b200510,confused,4.0,5.1379,amused,5.0,2.7766,happiness,4.0,4.101,rejected,5.0,57.9645,hestitate,4.0,4.4889
172,60ff8160e8f2227f8b200510,pain,5.0,4.5235,excite,5.0,4.6994,afraid,5.0,2.8172,frustrate,5.0,7.0399,upset,5.0,6.8047
173,60ff8160e8f2227f8b200510,jealous,5.0,4.8389,upset,5.0,2.2861,frustrate,5.0,4.527,distress,5.0,5.9229,fatigue,4.0,11.0159
174,60ff8160e8f2227f8b200510,excite,5.0,2.7835,fear,5.0,4.7011,frightened,5.0,21.0,infuriated,5.0,13.5243,panic,5.0,9.9181
175,60ff8160e8f2227f8b200510,frustrated,5.0,4.2219,happy,5.0,7.0147,thrill,5.0,7.93,concern,4.0,17.8146,comfort,4.0,2.8717
176,60ff8160e8f2227f8b200510,upset,5.0,4.9498,disgusted,5.0,3.4421,contempt,5.0,4.5999,frustration,5.0,3.4364,annoyed,4.0,18.5421
177,60ff8160e8f2227f8b200510,fear,5.0,3.0151,thrill,5.0,2.8186,excite,5.0,4.5879,uncertain,5.0,5.2207,terrified,5.0,12.1671
178,60ff8160e8f2227f8b200510,intrigued,5.0,5.567,interested,5.0,5.0345,excited,5.0,4.0429,fascinated,5.0,26.2384,delight,4.0,18.3406
179,60ff8160e8f2227f8b200510,scared,5.0,4.2679,sadness,5.0,2.7454,terrified,5.0,3.0515,upset,5.0,2.8379,angry,4.0,4.3521
180,60ff8160e8f2227f8b200510,loved,4.0,2.749,content,5.0,2.4915,joy,5.0,2.7535,calm,5.0,3.8016,peace,5.0,2.5068
181,60ff8160e8f2227f8b200510,excite,5.0,6.6221,intrigued,5.0,7.3669,touched,4.0,8.2973,delight,4.0,8.5805,warm,5.0,14.0461
182,60ff8160e8f2227f8b200510,terrified,5.0,6.0127,fear,5.0,3.102,upset,5.0,6.6656,angry,5.0,3.5178,afraid,5.0,2.5205
183,60ff8160e8f2227f8b200510,calm,5.0,3.232,bored,5.0,3.386,content,4.0,2.8267,enjoy,4.0,21.3842,envious,4.0,16.131
184,60ff8160e8f2227f8b200510,sadness,5.0,3.565,pained,5.0,2.5615,upset,5.0,4.0347,hurt,5.0,3.2026,humiliated,5.0,5.2172
185,60ff8160e8f2227f8b200510,excited,5.0,3.6641,happiness,5.0,5.1516,joy,5.0,2.8916,energized,5.0,3.6182,victorious,5.0,9.3127
186,60ff8160e8f2227f8b200510,terrified,5.0,5.3303,sadness,5.0,3.179,angry,5.0,2.9684,upset,5.0,3.3016,grieved,5.0,5.7343
187,60ff8160e8f2227f8b200510,humiliated,5.0,4.0485,excited,5.0,6.6213,frustration,5.0,3.2063,determined,5.0,3.092,energized,5.0,4.8551
188,60ff8160e8f2227f8b200510,scared,5.0,33.1312,uncertain,4.0,6.314,terrified,5.0,4.1878,afraid,5.0,4.5511,upset,5.0,4.2337
202,5deb0be47d91c323213e752b,grossed-out,5.0,8.1596,disgusted,5.0,4.0873,curious,3.0,7.353,loss-of-appetite,4.0,18.6808,anxious,2.0,30.2269
203,5deb0be47d91c323213e752b,neutral,5.0,8.7611,annoyed,2.0,4.5386,indifferent,4.0,4.972,apathetic,4.0,5.2045,disgusted,3.0,5.9381
204,5deb0be47d91c323213e752b,surprised,5.0,2.8946,angry,4.0,5.2714,confused,5.0,3.9391,curious,5.0,3.6389,sad,4.0,6.1042
205,5deb0be47d91c323213e752b,heartwarming,5.0,4.3236,hopeful,4.0,11.9702,surprised,3.0,5.4374,concerned,2.0,14.8517,happy,3.0,16.5166
206,5deb0be47d91c323213e752b,disgusted,5.0,4.7639,loss-of-appetite,5.0,5.6918,angry,3.0,2.8575,grossed-out,5.0,9.5754,upset,3.0,3.5572
207,5deb0be47d91c323213e752b,neutral,5.0,3.8222,indifferent,5.0,3.3879,apathetic,5.0,10.7781,passive,5.0,2.8245,congratulatory,3.0,6.2039
208,5deb0be47d91c323213e752b,sad,5.0,3.7377,concerned,5.0,3.0904,disturbed,3.0,3.195,depressed,3.0,3.9918,curious,3.0,8.6423
209,5deb0be47d91c323213e752b,neutral,5.0,4.7371,indifferent,5.0,4.2062,passive,5.0,3.0969,apathetic,5.0,3.0795,unconcerned,3.0,23.797
210,5deb0be47d91c323213e752b,sympathy,4.0,4.7121,curiosity,4.0,10.7435,surprise,3.0,14.6552,empathy,4.0,13.2831,neutral,3.0,6.468
211,5deb0be47d91c323213e752b,amused,3.0,9.3604,neutral,3.0,12.6254,familiar,5.0,10.9097,rolling-eyes,4.0,5.0875,passive,5.0,6.9428
212,5deb0be47d91c323213e752b,shocked,5.0,4.8933,surprised,5.0,2.6375,anxious,5.0,5.6707,curious,5.0,5.8807,relief,4.0,14.3754
213,5deb0be47d91c323213e752b,confused,5.0,3.33,uncertain,3.0,3.5546,curious,5.0,5.7545,unsure,4.0,17.0989,unsatisfied,5.0,31.9578
214,5deb0be47d91c323213e752b,curious,3.0,12.5609,neutral,4.0,3.1295,passive,5.0,3.1389,indifferent,5.0,3.0928,apathetic,5.0,4.0196
215,5deb0be47d91c323213e752b,amazed,5.0,2.9664,curious,5.0,2.656,in-awe,5.0,3.3065,surprised,4.0,5.8467,bored,1.0,7.8447
216,5deb0be47d91c323213e752b,disturbed,5.0,4.0651,confused,5.0,2.7297,creeped-out,5.0,3.615,disoriented,5.0,6.8466,perturbed,5.0,5.926
217,5deb0be47d91c323213e752b,alarmed,5.0,3.0232,sad,5.0,3.6874,upset,3.0,2.4611,concerned,5.0,6.1736,sympathy,5.0,3.8401
218,5deb0be47d91c323213e752b,rolling-eyes,4.0,6.804,neutral,5.0,2.8626,passive,5.0,2.941,indifferent,5.0,3.3738,annoyed,4.0,5.0892
219,5deb0be47d91c323213e752b,shocked,5.0,2.8091,surprised,5.0,3.2073,excited,3.0,2.659,provoked,4.0,5.6255,curious,5.0,4.3824
220,5deb0be47d91c323213e752b,alarmed,5.0,3.1047,shocked,5.0,2.5306,concerned,5.0,3.3237,curious,5.0,2.6073,disturbed,3.0,5.7091
221,5deb0be47d91c323213e752b,bored,5.0,3.1185,passive,5.0,2.977,indifferent,5.0,3.2645,apathetic,5.0,4.0959,unconcerned,5.0,8.2866
222,5deb0be47d91c323213e752b,concerned,5.0,3.1124,sad,5.0,2.5418,upset,5.0,2.5437,disturbed,4.0,2.8389,worried,5.0,4.9398
223,5deb0be47d91c323213e752b,neutral,4.0,2.774,annoyed,4.0,2.5147,indifferent,3.0,7.7955,apathetic,4.0,5.8799,irritated,3.0,13.482
224,5deb0be47d91c323213e752b,shocked,5.0,2.6601,concerned,5.0,2.7147,curious,4.0,9.0188,worried,4.0,5.1086,anxious,4.0,4.9429
225,5deb0be47d91c323213e752b,curious,4.0,4.7116,neutral,4.0,3.7787,bored,4.0,4.7378,indifferent,4.0,4.1059,passive,4.0,3.5739
226,5deb0be47d91c323213e752b,annoyed,5.0,3.0319,familiar,5.0,4.2036,unconcerned,5.0,16.4065,entertained,1.0,4.9446,uninterested,5.0,10.3402
240,5db5fa693d2b8e01654d351c,tasty,4.0,8.9761,sweet,4.0,2.4496,hot,4.0,3.5985,warm,4.0,2.5965,sugar,4.0,7.7955
241,5db5fa693d2b8e01654d351c,proud,5.0,11.9941,strong,4.0,0.6613,strength,5.0,4.1654,war,5.0,8.2942,hard,5.0,6.049
242,5db5fa693d2b8e01654d351c,sad,5.0,1.335,mad,5.0,1.274,sadness,5.0,0.6286,angry,5.0,0.6222,afraid,5.0,1.2186
243,5db5fa693d2b8e01654d351c,happy,5.0,5.7717,cold,5.0,2.7502,scared,5.0,7.6223,na,3.0,5.8411,na,3.0,1.7199
244,5db5fa693d2b8e01654d351c,sick,4.0,1.5583,difficult,4.0,0.6388,cold,4.0,3.8144,vomit,5.0,3.9053,sickness,5.0,6.6516
245,5db5fa693d2b8e01654d351c,happy,4.0,660.042,digest,4.0,6.8822,many,4.0,3.817,dobber,4.0,4.1986,mony,4.0,5.367
246,5db5fa693d2b8e01654d351c,happy,5.0,6.5024,cleaning,4.0,4.761,kkind,4.0,2.858,great,5.0,10.8622,clean,4.0,4.2603
247,5db5fa693d2b8e01654d351c,happy,5.0,4.3456,excited,5.0,4.7772,team,5.0,6.4762,clean,4.0,369.0761,dirty,4.0,4.1099
248,5db5fa693d2b8e01654d351c,painful,5.0,4.9721,hurts,5.0,5.9907,hurting,5.0,5.2908,skating,5.0,5.9074,injury,5.0,6.7786
249,5db5fa693d2b8e01654d351c,money,5.0,5.6623,happy,4.0,4.0361,joy,4.0,9.3229,sadness,4.0,4.3079,safe,4.0,169.5705
250,5db5fa693d2b8e01654d351c,scary,4.0,2.8638,danger,5.0,3.3629,dangerous,5.0,6.7337,life,5.0,5.6795,lifeless,4.0,5.37
251,5db5fa693d2b8e01654d351c,danger,4.0,5.281,scary,3.0,2.5138,angry,4.0,4.8475,justice,4.0,4.9239,police,5.0,65.4323
252,5db5fa693d2b8e01654d351c,na,3.0,1.9137,na,3.0,0.8036,na,3.0,0.6227,na,3.0,0.6164,na,3.0,0.5689
253,5db5fa693d2b8e01654d351c,scary,5.0,2.9772,heartattack,5.0,8.4354,danger,5.0,2.3747,fear,5.0,2.7787,afraid,5.0,12.6949
254,5db5fa693d2b8e01654d351c,wierd,5.0,4.4599,bird,5.0,3.3676,confusing,5.0,12.2014,interesting,4.0,24.6697,costume,5.0,8.6122
255,5db5fa693d2b8e01654d351c,fire,5.0,2.8624,scared,5.0,2.2596,scary,5.0,2.7288,danger,5.0,2.8249,dangerous,5.0,4.039
256,5db5fa693d2b8e01654d351c,love,5.0,2.6558,caring,4.0,4.5497,kindness,4.0,3.8682,fg,3.0,159.1343,ge,3.0,2.1861
257,5db5fa693d2b8e01654d351c,excitement,5.0,10.1361,aroused,5.0,8.1402,arousing,5.0,4.3553,sexual,5.0,3.9342,excited,5.0,10.0933
258,5db5fa693d2b8e01654d351c,dark,5.0,3.2732,darkness,5.0,3.0834,scary,5.0,4.3645,scared,5.0,2.2916,sad,4.0,2.7875
259,5db5fa693d2b8e01654d351c,calm,4.0,3.2043,peaceful,4.0,4.2859,sidewalk,4.0,3.7725,cafe,5.0,2.5582,restaurant,4.0,4.2696
260,5db5fa693d2b8e01654d351c,sad,4.0,2.3326,indured,4.0,4.1265,damaged,5.0,43.2286,damage,5.0,2.5433,dog,4.0,3.6673
261,5db5fa693d2b8e01654d351c,scored,5.0,3.9026,slowmo,5.0,8.862,happy,4.0,28.2948,ecstatic,4.0,5.8916,excitement,5.0,6.5316
262,5db5fa693d2b8e01654d351c,danger,5.0,6.8475,fear,4.0,3.7717,scary,5.0,4.0466,scared,5.0,3.8423,sad,5.0,4.5577
263,5db5fa693d2b8e01654d351c,embarassment,5.0,9.2464,happy,4.0,4.8398,sad,3.0,1.7289,winner,5.0,6.1408,loser,5.0,3.5101
264,5db5fa693d2b8e01654d351c,fear,4.0,2.4117,scary,4.0,2.4372,scared,5.0,3.4128,fearful,5.0,2.8837,sad,4.0,1.8381
278,631e235a33040da66ddf51a1,hunger,5.0,4.276,desire,5.0,3.416,excite,5.0,7.23,salivate,5.0,6.051,motivated,5.0,4.696
279,631e235a33040da66ddf51a1,inspired,5.0,5.889,proud,5.0,7.797,strong,5.0,6.754,power,4.0,2.633,gratitude,3.0,21.891
280,631e235a33040da66ddf51a1,anger,5.0,3.299,disgust,5.0,2.589,sick,5.0,2.643,agitated,5.0,12.705,irritated,5.0,3.998
281,631e235a33040da66ddf51a1,inspired,5.0,4.269,hopeful,4.0,2.954,relief,5.0,2.509,happy,5.0,3.205,admiration,5.0,21.529
282,631e235a33040da66ddf51a1,sick,5.0,6.791,disgusted,5.0,2.928,horrified,5.0,6.178,sympathy,5.0,5.573,empathy,3.0,2.41
283,631e235a33040da66ddf51a1,happy,5.0,5.881,unified,4.0,3.373,proud,5.0,5.312,inspired,5.0,4.554,excite,3.0,13.55
284,631e235a33040da66ddf51a1,inspired,5.0,4.418,admiration,5.0,4.409,hopeful,5.0,3.241,proud,4.0,2.953,relieved,5.0,6.141
285,631e235a33040da66ddf51a1,calm,5.0,7.664,confused,4.0,3.864,awkward,4.0,2.469,bored,4.0,8.233,relaxed,5.0,6.002
286,631e235a33040da66ddf51a1,bad,5.0,4.299,sad,3.0,3.25,sympathy,5.0,4.167,empathy,5.0,3.926,surprise,5.0,12.666
287,631e235a33040da66ddf51a1,inspired,4.0,4.343,jealous,4.0,7.233,excite,3.0,8.321,hopeful,3.0,8.508,fun,3.0,5.364
288,631e235a33040da66ddf51a1,relieved,5.0,2.832,jumpy,5.0,5.471,happy,4.0,4.399,celebratory,5.0,5.722,surprise,4.0,14.268
289,631e235a33040da66ddf51a1,fear,4.0,2.973,worry,4.0,2.524,agitation,5.0,11.147,surprise,4.0,19.485,sympathy,4.0,14.166
290,631e235a33040da66ddf51a1,humorous,5.0,4.471,relate,5.0,4.704,giggly,5.0,9.99,sympathy,5.0,3.982,understanding,5.0,16.241
291,631e235a33040da66ddf51a1,inspired,5.0,4.48,grand,5.0,2.7,small,5.0,8.317,finite,5.0,3.576,wonder,5.0,3.216
292,631e235a33040da66ddf51a1,shock,4.0,3.061,confusion,5.0,3.652,awkward,4.0,2.238,curiosity,5.0,6.051,interest,5.0,3.879
293,631e235a33040da66ddf51a1,worry,5.0,3.366,fear,5.0,1.577,empathy,5.0,3.731,sympathy,5.0,2.413,upset,5.0,7.977
294,631e235a33040da66ddf51a1,inspired,5.0,2.905,happy,5.0,2.17,longing,5.0,3.957,love,5.0,3.769,hopeful,5.0,5.212
295,631e235a33040da66ddf51a1,excite,5.0,14.699,fun,5.0,4.66,turned-on,5.0,6.936,surprised,5.0,7.033,curious,5.0,3.569
296,631e235a33040da66ddf51a1,shock,5.0,3.024,sad,5.0,1.388,worry,5.0,2.359,fear,5.0,1.731,curiosity,5.0,4.272
297,631e235a33040da66ddf51a1,bored,5.0,2.839,calm,5.0,3.963,peace,5.0,2.227,bland,5.0,5.419,serene,5.0,16.169
298,631e235a33040da66ddf51a1,sad,5.0,1.15,empathetic,5.0,4.262,worry,5.0,2.444,sympathy,5.0,3.31,concern,5.0,3.29
299,631e235a33040da66ddf51a1,excite,5.0,2.81,inspired,5.0,2.64,admiration,5.0,6.108,hyped,5.0,7.426,interested,5.0,4.569
300,631e235a33040da66ddf51a1,fear,5.0,2.147,concern,5.0,2.587,shock,5.0,2.398,worry,5.0,3.01,upset,5.0,3.307
301,631e235a33040da66ddf51a1,excite,5.0,2.901,inspired,5.0,2.988,happy,5.0,3.992,interested,5.0,5.283,hyped,5.0,10.047
302,631e235a33040da66ddf51a1,humorous,5.0,3.431,laugh,5.0,2.536,nostalgic,5.0,29.251,giggly,5.0,15.407,fun,5.0,3.929
316,637eb13382d8d0b315fbc3dc,salivating,5.0,15.2307,aestetic,5.0,12.2146,impressed,5.0,5.3747,hungry,5.0,22.0405,intrigued,4.0,16.1902
317,637eb13382d8d0b315fbc3dc,confused,5.0,4.5979,uncertain,5.0,6.1244,victor,5.0,6.988,wartorn,5.0,6.7605,ptsd,3.0,48.8789
318,637eb13382d8d0b315fbc3dc,shocked,5.0,7.466,violence,5.0,8.3214,disrespectful,5.0,11.1079,barbaric,5.0,12.3907,confused,5.0,15.6085
319,637eb13382d8d0b315fbc3dc,faith,5.0,4.862,humanity,5.0,6.1089,cute,5.0,3.4141,freezing,5.0,3.1447,polar,5.0,4.3479
320,637eb13382d8d0b315fbc3dc,disgust,5.0,4.9787,pleasant,1.0,5.1417,unpleasant,5.0,8.024,outburst,5.0,44.7723,repulsive,5.0,7.1397
321,637eb13382d8d0b315fbc3dc,joy,5.0,4.2121,accomplished,5.0,7.5714,pride,5.0,5.4113,excited,5.0,18.6084,sporty,5.0,68.4918
322,637eb13382d8d0b315fbc3dc,oil,5.0,5.8443,disaster,5.0,4.4069,cruel,5.0,9.0574,safe,1.0,3.7063,good-will,5.0,12.0237
323,637eb13382d8d0b315fbc3dc,awkward,5.0,2.2859,cringe,5.0,6.1324,fluid,1.0,3.3069,natural,2.0,5.6543,broke,2.0,101.807
324,637eb13382d8d0b315fbc3dc,painful,5.0,6.0677,uncomfortable,5.0,9.5054,skillful,1.0,3.9226,skill-issue,5.0,8.5249,funny,5.0,13.5229
325,637eb13382d8d0b315fbc3dc,rich,5.0,8.9766,wealth,5.0,5.9732,condescending,5.0,8.1282,ironic,5.0,5.624,belittle,5.0,5.6463
326,637eb13382d8d0b315fbc3dc,close,3.0,6.1813,adrenaline,5.0,122.9909,life-staking,4.0,7.9484,traumatic,5.0,35.9239,extreme,5.0,5.9628
327,637eb13382d8d0b315fbc3dc,stupidity,5.0,6.9542,fool,5.0,3.3805,unlawful,5.0,19.7567,taxi,5.0,7.6561,scary,4.0,130.2728
328,637eb13382d8d0b315fbc3dc,bored,4.0,3.4504,uninterested,5.0,11.0285,politics,4.0,5.5467,public,5.0,5.073,liar,5.0,3.8578
329,637eb13382d8d0b315fbc3dc,extreme,5.0,6.6793,rush,5.0,3.6068,safe,2.0,2.7253,adventurous,4.0,9.6575,grand,4.0,90.3736
330,637eb13382d8d0b315fbc3dc,bizzare,4.0,5.7158,creative,4.0,4.4049,abstract,4.0,3.8028,modern,5.0,3.2298,artistic,5.0,5.8412
331,637eb13382d8d0b315fbc3dc,smog,4.0,17.4563,accident,5.0,4.2422,arson,2.0,3.2129,destructive,5.0,8.6738,devasted,4.0,127.8217
332,637eb13382d8d0b315fbc3dc,nostalgia,4.0,6.6623,old,4.0,3.4096,elderly,5.0,4.8894,growth,5.0,4.0242,decades,4.0,19.5945
333,637eb13382d8d0b315fbc3dc,euphoric,4.0,5.4322,libido,4.0,4.632,intense,5.0,4.5241,hormonal,5.0,7.8404,pheramones,4.0,5.6911
334,637eb13382d8d0b315fbc3dc,didnt,4.0,44.6295,see,4.0,3.9913,this,4.0,3.7898,video,5.0,7.2757,play,4.0,2.8232
335,637eb13382d8d0b315fbc3dc,solitude,4.0,6.5015,lonely,5.0,5.0929,quiet,5.0,4.9081,tranquill,5.0,9.8907,serenity,5.0,7.5252
336,637eb13382d8d0b315fbc3dc,disabled,4.0,5.5924,unfortunate,4.0,7.2401,sad,5.0,4.0748,exhausted,2.0,5.4397,healthy,1.0,7.4768
337,637eb13382d8d0b315fbc3dc,le,4.0,6.7303,bron,4.0,4.673,dunks,5.0,8.3803,impressive,5.0,11.7249,calibrated,5.0,4.9445
338,637eb13382d8d0b315fbc3dc,explosion,5.0,8.6793,turbulence,5.0,11.6423,disaster,5.0,8.8249,grounded,5.0,9.0447,loss,5.0,6.2756
339,637eb13382d8d0b315fbc3dc,cocky,5.0,5.313,showboat,5.0,6.6795,ignorant,5.0,9.8108,arrogant,5.0,4.6919,tide-turner,5.0,15.052
340,637eb13382d8d0b315fbc3dc,paedophilia,5.0,7.5127,weird,5.0,3.7746,film,5.0,5.1107,witty,5.0,11.5228,christmas,5.0,7.9104
354,6127b32b912465823dca1e4b,hungry,5.0,6.5932,jealous,4.0,10.9589,smooth,4.0,6.6994,yummy,5.0,10.3498,guilty,3.0,9.3534
355,6127b32b912465823dca1e4b,interested,4.0,9.2627,inspired,4.0,7.3787,goosebumps,4.0,10.2753,admiring,5.0,7.9245,patriotic,3.0,5.1551
356,6127b32b912465823dca1e4b,disgusted,5.0,6.4089,sick,5.0,8.638,cowardly,5.0,14.262,evil,4.0,4.1249,revengeful,2.0,12.3215
357,6127b32b912465823dca1e4b,wonderful,5.0,6.6687,happy,5.0,3.5149,love,4.0,4.0479,humankind,5.0,6.9041,delighted,5.0,5.0949
358,6127b32b912465823dca1e4b,disgusting,5.0,7.796,sorry-for,5.0,13.7867,unhygenic,4.0,5.5897,gross,5.0,4.006,funny,4.0,8.6801
359,6127b32b912465823dca1e4b,aroused,5.0,5.271,happy,4.0,13.8525,passionate,4.0,9.9086,awesome,3.0,24.3693,warm,4.0,3.4642
360,6127b32b912465823dca1e4b,sad,5.0,4.988,angry,5.0,4.7026,hopeful,3.0,5.3543,guilty,5.0,14.3033,frustrated,4.0,5.3956
361,6127b32b912465823dca1e4b,funny,5.0,8.9126,friendly,4.0,8.8725,laughing,5.0,7.6818,identify-with,4.0,10.6729,joyful,3.0,4.9463
362,6127b32b912465823dca1e4b,worried,5.0,9.5751,annoyed-at,4.0,13.8125,sorry-for,4.0,6.2847,little-laugh,3.0,9.7551,bad-luck,5.0,28.2648
363,6127b32b912465823dca1e4b,aroused,4.0,10.2259,annoyed,4.0,6.7056,cheap,4.0,14.1636,money-makes-me-sick,4.0,17.0482,hot,4.0,29.0052
364,6127b32b912465823dca1e4b,worried,5.0,4.5701,lucky,5.0,8.6742,stupid,4.0,5.4065,annoyed-at,4.0,4.9957,adrenaline,5.0,13.7862
365,6127b32b912465823dca1e4b,angry,5.0,12.4094,selfish,5.0,3.7621,moron,5.0,2.9021,annoyed,5.0,9.44,idiot,5.0,11.024
366,6127b32b912465823dca1e4b,nostalgia,4.0,7.2691,meh,4.0,20.29,troll,4.0,31.9396,decent-person,3.0,18.8336,wise,4.0,27.7122
367,6127b32b912465823dca1e4b,afaid,5.0,10.4976,glad-its-not-me,5.0,19.3965,dizzy,5.0,6.267,adrenaline,4.0,11.1401,nervous,5.0,5.1604
368,6127b32b912465823dca1e4b,cool,4.0,6.6639,weird,3.0,3.8242,avoid,3.0,8.2596,confused,5.0,11.8782,unsure,4.0,4.3844
369,6127b32b912465823dca1e4b,compassion,4.0,7.5975,fear,4.0,3.4448,glad-its-not-me,4.0,16.6162,suspiscion,3.0,8.6509,fear,4.0,5.2046
370,6127b32b912465823dca1e4b,happy,5.0,5.0994,sadness,4.0,4.4741,respect,5.0,5.4013,warm,5.0,3.6994,loving,5.0,3.964
371,6127b32b912465823dca1e4b,aroused,5.0,6.5545,hot,5.0,19.6926,excited,5.0,5.3614,blood-up,5.0,11.3279,comfort,5.0,4.8309
372,6127b32b912465823dca1e4b,worried,5.0,10.9229,confused,3.0,6.5408,angry,3.0,9.9074,curious,4.0,5.737,compassionate,5.0,9.2501
373,6127b32b912465823dca1e4b,meh,5.0,9.4289,bored,4.0,3.693,thirsty,3.0,4.9432,hungry,3.0,5.6327,uninspired,4.0,6.465
374,6127b32b912465823dca1e4b,funny,4.0,8.0857,lazy,4.0,4.974,loving,3.0,3.8795,smart,5.0,5.8256,annoyed,3.0,4.8101
375,6127b32b912465823dca1e4b,hyped,4.0,9.981,anger,4.0,26.6706,traitor,3.0,5.814,greedy,5.0,4.4379,envious,3.0,5.2017
376,6127b32b912465823dca1e4b,disgusted,5.0,8.5733,worried,5.0,4.7118,glad-i-survived,5.0,9.26,guilt,3.0,6.335,curious,4.0,5.1976
377,6127b32b912465823dca1e4b,idiot,5.0,7.4344,justice,4.0,8.1958,good,4.0,8.603,happy,4.0,3.7585,pumped,4.0,7.1812
378,6127b32b912465823dca1e4b,nostalgic,5.0,8.4648,sad,5.0,3.8717,hopeful,4.0,15.9433,amused,5.0,4.1222,old,5.0,6.3425
392,6358f1332459f21caa585aef,hungry,4.0,5.753,satisfied,4.0,11.495,impressed,3.0,6.796,calm,3.0,11.907,relaxed,4.0,15.705
393,6358f1332459f21caa585aef,proud,4.0,3.531,impressed,2.0,8.683,bored,3.0,3.224,calm,3.0,5.919,happy,3.0,9.638
394,6358f1332459f21caa585aef,disgusted,4.0,3.573,afraid,4.0,2.203,disappointed,4.0,6.037,angry,4.0,3.262,annoyed,4.0,2.784
395,6358f1332459f21caa585aef,happy,5.0,3.336,thankful,5.0,2.948,entertained,3.0,7.744,impressed,3.0,10.199,joy,4.0,6.911
396,6358f1332459f21caa585aef,disgusted,5.0,5.455,cringe,5.0,5.391,uneasy,4.0,9.398,sickened,4.0,10.276,annoyed,3.0,17.206
397,6358f1332459f21caa585aef,happy,3.0,2.231,calm,4.0,1.989,relaxed,4.0,4.199,joyful,4.0,9.193,proud,4.0,2.744
398,6358f1332459f21caa585aef,thankful,4.0,7.919,happy,4.0,2.552,calm,2.0,3.63,impressed,3.0,11.437,bored,2.0,16.238
399,6358f1332459f21caa585aef,cringy,4.0,3.37,funny,4.0,5.552,relatable,4.0,6.142,fun,3.0,4.476,amused,4.0,7.955
400,6358f1332459f21caa585aef,sadness,4.0,4.04,afraid,3.0,11.161,unfortunate,4.0,10.815,anxious,4.0,12.773,sympathy,4.0,13.322
401,6358f1332459f21caa585aef,annoyed,4.0,6.454,cold,4.0,4.231,bored,2.0,6.79,mad,4.0,9.461,upset,3.0,2.224
402,6358f1332459f21caa585aef,anxious,5.0,5.373,afraid,4.0,3.573,on-edge,4.0,6.19,thankful,4.0,10.572,bored,1.0,5.518
403,6358f1332459f21caa585aef,upset,4.0,5.996,confused,4.0,4.701,bored,3.0,5.913,anxious,3.0,13.561,happy,1.0,4.393
404,6358f1332459f21caa585aef,bored,4.0,2.926,unfunny,4.0,3.791,annoyed,3.0,5.024,calm,3.0,1.926,distracted,3.0,13.475
405,6358f1332459f21caa585aef,anxious,4.0,5.51,on-edge,4.0,2.774,impressed,4.0,2.365,amazed,4.0,3.092,thankful,3.0,9.085
406,6358f1332459f21caa585aef,creeped-out,4.0,4.892,uneasy,4.0,6.183,dff,3.0,49.097,funny,4.0,8.148,annoyed,2.0,9.04
407,6358f1332459f21caa585aef,sad,4.0,2.304,unfortunate,4.0,4.614,sympathy,3.0,5.401,annoyed,3.0,4.706,anxious,4.0,5.641
408,6358f1332459f21caa585aef,calm,4.0,3.975,loving,4.0,2.276,lovely,4.0,17.328,loving,4.0,4.505,lonely,3.0,3.697
409,6358f1332459f21caa585aef,turned-on,4.0,12.266,joy,4.0,3.057,excited,4.0,5.62,happy,4.0,3.175,hot,3.0,4.836
410,6358f1332459f21caa585aef,afraid,5.0,5.482,on-edge,5.0,3.017,anxious,5.0,4.988,scared,5.0,4.252,sad,4.0,2.574
411,6358f1332459f21caa585aef,uninterested,4.0,6.698,bored,4.0,3.271,unappealing,4.0,8.426,calm,3.0,7.419,neutral,3.0,5.141
412,6358f1332459f21caa585aef,funny,4.0,6.705,lazy,4.0,5.335,happy,3.0,5.329,interested,3.0,7.908,motivated,3.0,7.224
413,6358f1332459f21caa585aef,happy,4.0,2.969,joyful,4.0,2.878,motivated,4.0,2.94,amazed,4.0,4.711,happy,4.0,3.211
414,6358f1332459f21caa585aef,afraid,5.0,3.989,anxious,5.0,5.502,scared,4.0,2.739,unpleased,3.0,3.197,sad,4.0,4.054
415,6358f1332459f21caa585aef,funny,4.0,5.794,entertained,4.0,4.134,karma,4.0,3.9,interested,4.0,4.648,deserved,4.0,2.829
416,6358f1332459f21caa585aef,entertained,4.0,11.844,scared,4.0,2.295,anxious,4.0,6.392,annoyed,4.0,3.477,uneasy,3.0,9.202
430,6016bbe3a28c6014fd3236b8,hungry,4.0,10.691,happy,4.0,28.9665,mellow,4.0,10.9662,desire,5.0,11.0709,relaxed,5.0,15.3549
431,6016bbe3a28c6014fd3236b8,victorious,5.0,14.3951,patriotic,5.0,18.6279,proud,4.0,6.2499,eased,5.0,29.5575,grief,3.0,23.3121
432,6016bbe3a28c6014fd3236b8,anger,5.0,4.7225,disgust,5.0,8.0813,sadness,4.0,5.2844,inquiring,4.0,43.3391,annoyed,5.0,16.8369
433,6016bbe3a28c6014fd3236b8,relief,5.0,11.3228,caring,4.0,8.1112,worry,4.0,6.4573,hopefull,4.0,56.4192,bewildered,3.0,21.5269
434,6016bbe3a28c6014fd3236b8,sympathize,4.0,79.6575,upsetting,4.0,6.5818,nauseated,4.0,115.9821,unappealing,5.0,26.6565,stuffed,4.0,77.5473
435,6016bbe3a28c6014fd3236b8,joy,5.0,9.8288,solidarity,4.0,128.4179,proud,4.0,9.3692,jovial,4.0,31.4815,pleased,3.0,29.8231
436,6016bbe3a28c6014fd3236b8,unsure,5.0,10.3963,distressed,3.0,9.8912,inquisitive,4.0,24.354,responsibility,3.0,51.3921,unhappy,3.0,17.429
437,6016bbe3a28c6014fd3236b8,joyful,3.0,33.2953,delighted,4.0,62.8939,victory,4.0,160.2868,comradeship,5.0,30.1962,successful,4.0,50.6582
438,6016bbe3a28c6014fd3236b8,amused,3.0,19.1001,agony,3.0,56.3901,childhood,4.0,14.0908,nostalgic,5.0,18.2854,expectations-met,4.0,156.3181
439,6016bbe3a28c6014fd3236b8,hopeful,3.0,7.3271,cringed,4.0,13.9303,bored,5.0,79.1457,uninspired,3.0,22.8872,annoyed,3.0,73.303
440,6016bbe3a28c6014fd3236b8,elated,5.0,45.4234,afraid,4.0,5.055,engaged,5.0,10.6962,awoken,4.0,4.9841,suspenseful,4.0,94.3389
441,6016bbe3a28c6014fd3236b8,uninterested,3.0,18.3559,normal,4.0,16.8541,monotonous,4.0,65.2771,uncertain,5.0,56.7754,pondering,4.0,64.7669
442,6016bbe3a28c6014fd3236b8,smug,3.0,18.6113,bliss,3.0,17.8211,settled,4.0,35.3811,at-ease,4.0,101.6205,successful,3.0,11.2087
443,6016bbe3a28c6014fd3236b8,freightening,5.0,13.6224,pondering,4.0,11.4619,inspiring,5.0,48.1218,thrilled,5.0,7.627,worried,3.0,5.0948
444,6016bbe3a28c6014fd3236b8,bewildered,5.0,12.7036,charmed,3.0,48.9301,entertained,4.0,68.6389,confused,4.0,65.6506,contemplative,3.0,74.2993
445,6016bbe3a28c6014fd3236b8,anxious,4.0,37.4918,terrified,4.0,49.5184,disquieting,5.0,11.3019,empathy,5.0,8.6063,shocked,4.0,14.8786
446,6016bbe3a28c6014fd3236b8,calming,5.0,5.5506,joyous,5.0,32.942,chuffed,5.0,32.3056,wishful,5.0,8.6146,at-peace,4.0,14.7669
447,6016bbe3a28c6014fd3236b8,aroused,3.0,44.0144,excited,4.0,30.4261,jealous,3.0,261.5173,envy,4.0,45.3893,furfillment,3.0,34.4035
448,6016bbe3a28c6014fd3236b8,shock,5.0,28.4654,concern,5.0,7.2224,helpless,5.0,18.5582,pain,3.0,18.9927,agitated,4.0,65.2306
449,6016bbe3a28c6014fd3236b8,blissful,5.0,5.7874,relaxed,5.0,13.0276,independent,3.0,62.4596,belonging,4.0,13.4829,tranquil,5.0,62.0838
450,6016bbe3a28c6014fd3236b8,helpless,5.0,10.7883,concern,5.0,31.1549,sad,5.0,3.5552,neglected,4.0,15.7239,anger,3.0,12.9459
451,6016bbe3a28c6014fd3236b8,furfilled,4.0,10.947,hair-raising,4.0,66.3409,wishful,3.0,24.2087,invigorating,5.0,19.9965,impressed,5.0,26.0472
452,6016bbe3a28c6014fd3236b8,stunned,5.0,65.1316,traumetized,3.0,17.4818,scared,5.0,5.756,despairing,5.0,75.4029,glum,3.0,15.6246
453,6016bbe3a28c6014fd3236b8,amused,5.0,51.2974,nail-biting,5.0,30.3681,thrilling,4.0,40.28,entertained,3.0,10.8703,stimulated,3.0,11.9036
454,6016bbe3a28c6014fd3236b8,nostalgic,5.0,12.0289,daunted,4.0,56.911,reflective,3.0,32.278,uncomfortable,3.0,22.4897,trapped,4.0,14.9749
468,63b777a4a6218e81a5651ca1,hungry,4.0,9.169,happy,3.0,28.964,jealous,4.0,5.389,upset,1.0,6.749,excite,3.0,4.111
469,63b777a4a6218e81a5651ca1,upset,3.0,8.714,focused,4.0,6.172,amused,2.0,5.297,angry,4.0,7.04,encouraged,3.0,3.776
470,63b777a4a6218e81a5651ca1,angry,5.0,5.162,upset,5.0,2.056,disgusted,5.0,4.722,wounded,4.0,12.307,sadness,4.0,6.86
471,63b777a4a6218e81a5651ca1,motivated,4.0,6.557,happiness,5.0,7.726,encouraged,4.0,7.976,pleased,4.0,4.001,comforted,5.0,15.455
472,63b777a4a6218e81a5651ca1,disgusted,5.0,3.525,amused,3.0,18.571,upset,3.0,4.643,happiness,2.0,7.104,content,4.0,5.497
473,63b777a4a6218e81a5651ca1,excite,4.0,3.877,encouraged,4.0,2.995,motivated,4.0,2.989,happiness,4.0,4.163,optimistic,4.0,4.997
474,63b777a4a6218e81a5651ca1,sadness,4.0,13.972,optimistic,2.0,5.445,peaceful,4.0,15.676,let-down,4.0,6.815,determined,4.0,6.056
475,63b777a4a6218e81a5651ca1,amused,4.0,3.706,calm,4.0,17.023,upset,1.0,10.873,sad,1.0,1.718,angry,1.0,3.066
476,63b777a4a6218e81a5651ca1,painful,5.0,7.084,wounded,5.0,8.273,calm,1.0,3.829,tender,4.0,5.58,amused,2.0,13.275
477,63b777a4a6218e81a5651ca1,disgusted,5.0,6.751,angry,4.0,3.518,amused,1.0,2.02,calm,2.0,6.594,optimistic,1.0,12.669
478,63b777a4a6218e81a5651ca1,calm,1.0,4.0,on-edge,5.0,5.396,afraid,4.0,6.858,upset,3.0,19.532,glad,5.0,8.234
479,63b777a4a6218e81a5651ca1,glad,5.0,2.639,upset,4.0,2.427,unthusiastic,4.0,10.537,encouraged,5.0,4.147,determined,4.0,4.755
480,63b777a4a6218e81a5651ca1,amused,2.0,4.59,calm,3.0,2.789,rejected,3.0,20.272,upset,3.0,11.8,joyful,2.0,5.247
481,63b777a4a6218e81a5651ca1,on-edge,5.0,3.957,afraid,4.0,3.003,encouraged,3.0,3.215,focused,4.0,4.132,prepared,4.0,9.047
482,63b777a4a6218e81a5651ca1,afraid,3.0,2.761,confused,5.0,3.15,unsure,4.0,2.791,interested,4.0,9.257,calm,2.0,9.834
483,63b777a4a6218e81a5651ca1,afraid,4.0,3.165,calm,1.0,1.824,optimistic,2.0,13.349,sadness,4.0,3.158,damaged,4.0,4.255
484,63b777a4a6218e81a5651ca1,calm,4.0,2.185,assured,5.0,5.34,happy,4.0,4.127,encouraged,4.0,7.789,optimistic,4.0,5.011
485,63b777a4a6218e81a5651ca1,uncomfortable,4.0,5.261,excite,1.0,4.703,calm,3.0,1.713,disgusted,3.0,7.351,upset,2.0,8.801
486,63b777a4a6218e81a5651ca1,afraid,5.0,3.231,on-edge,5.0,2.564,confused,4.0,4.479,secure,1.0,3.782,heavy,4.0,3.607
487,63b777a4a6218e81a5651ca1,calm,5.0,2.36,content,5.0,3.283,comfortable,5.0,8.01,relaxed,4.0,4.288,peaceful,5.0,2.457
488,63b777a4a6218e81a5651ca1,sadness,4.0,3.496,pain,4.0,3.676,angry,4.0,2.262,sorrowful,4.0,5.095,dejected,4.0,3.553
489,63b777a4a6218e81a5651ca1,motivated,4.0,2.605,excited,5.0,2.862,encouraged,4.0,2.138,inspired,4.0,6.581,refreshed,4.0,6.381
490,63b777a4a6218e81a5651ca1,afraid,4.0,2.755,sorrowful,5.0,3.687,crushed,4.0,3.915,sadness,4.0,7.665,wounded,4.0,9.606
491,63b777a4a6218e81a5651ca1,amused,5.0,2.256,pleased,4.0,8.111,delighted,4.0,3.861,assured,4.0,4.8,calm,3.0,8.66
492,63b777a4a6218e81a5651ca1,amused,4.0,5.789,calm,4.0,1.73,nostalgic,5.0,12.986,creative,4.0,11.374,inspired,3.0,2.427
506,60e6b3c2b44641460846760d,delighted,4.0,1.4832,amazed,4.0,4.5813,intrigued,4.0,5.0611,happy,4.0,15.2178,excited,4.0,7.7599
507,60e6b3c2b44641460846760d,bored,4.0,6.5472,calm,4.0,11.2662,dull,4.0,4.2691,numb,4.0,4.2697,impatient,4.0,4.2547
508,60e6b3c2b44641460846760d,annoyed,4.0,4.9248,angry,4.0,3.4723,incredulous,4.0,3.6306,amazed,4.0,7.6582,curious,4.0,4.6661
509,60e6b3c2b44641460846760d,intrigued,5.0,2.0751,interested,4.0,0.5684,amused,5.0,3.4171,happy,4.0,2.4944,curious,4.0,4.3627
510,60e6b3c2b44641460846760d,disgusted,5.0,1.4987,amused,3.0,2.6083,grossed-out,5.0,18.7913,annoyed,3.0,16.9783,stressed,3.0,1.292
511,60e6b3c2b44641460846760d,amused,4.0,1.8125,bored,3.0,3.4975,uninterested,4.0,7.7663,disengaged,3.0,1.0402,bored,4.0,4.0354
512,60e6b3c2b44641460846760d,curious,4.0,2.3856,interested,4.0,0.9511,sad,4.0,1.5272,sympathetic,4.0,11.4574,sad,4.0,8.2123
513,60e6b3c2b44641460846760d,amused,4.0,2.1821,confused,5.0,5.965,intrigued,4.0,5.1179,happy,4.0,5.9046,curious,4.0,4.6672
514,60e6b3c2b44641460846760d,anxious,5.0,6.179,embarrassed,4.0,13.2665,upset,5.0,5.0033,intrigued,4.0,14.5888,scared,4.0,5.4993
515,60e6b3c2b44641460846760d,bored,5.0,3.3625,upset,3.0,2.9856,numb,4.0,8.691,upset,3.0,9.2196,calm,4.0,11.0392
516,60e6b3c2b44641460846760d,scared,4.0,2.3271,anxious,5.0,4.0112,amazed,4.0,6.6532,relieved,5.0,3.8836,stressed,4.0,6.368
517,60e6b3c2b44641460846760d,confused,4.0,1.4797,bewildered,4.0,0.6296,bored,4.0,5.7548,calm,4.0,2.2923,impatient,4.0,9.4025
518,60e6b3c2b44641460846760d,amused,4.0,2.7956,curious,4.0,4.2847,intrigued,4.0,3.2778,embarrassed,3.0,8.8689,interested,4.0,4.9302
519,60e6b3c2b44641460846760d,confused,4.0,4.0461,anxious,5.0,4.2491,curious,4.0,3.2489,intrigued,4.0,4.9675,stressed,3.0,2.4368
520,60e6b3c2b44641460846760d,confused,5.0,2.0628,anxious,3.0,3.8297,curious,5.0,1.9182,interested,5.0,3.6662,befuddled,5.0,5.0553
521,60e6b3c2b44641460846760d,sad,4.0,2.9141,anxious,3.0,4.2088,upset,3.0,13.9457,sympathy,4.0,9.0017,excited,3.0,7.0722
522,60e6b3c2b44641460846760d,calm,4.0,3.4059,relieved,4.0,8.712,happy,3.0,4.5539,content,4.0,3.1133,bored,3.0,4.3423
523,60e6b3c2b44641460846760d,confused,3.0,4.3668,embarrassed,3.0,4.4758,curious,3.0,5.6219,weirded-out,5.0,22.4485,embarrassed,3.0,8.2047
524,60e6b3c2b44641460846760d,upset,4.0,3.0301,anxious,4.0,3.5944,excited,4.0,2.6452,shocked,5.0,3.8779,intrigued,4.0,5.5064
525,60e6b3c2b44641460846760d,bored,5.0,3.0429,bored,4.0,33.6034,numb,4.0,5.031,impatient,4.0,3.543,numb,4.0,2.8151
526,60e6b3c2b44641460846760d,sad,3.0,2.58,inspired,3.0,7.8114,curious,3.0,15.5186,sympathetic,4.0,5.6285,calm,4.0,10.5919
527,60e6b3c2b44641460846760d,bored,3.0,1.1158,impatient,4.0,3.0018,numb,4.0,13.0203,dull,4.0,20.7593,annoyed,3.0,5.5285
528,60e6b3c2b44641460846760d,anxious,5.0,3.0555,shocked,5.0,2.9163,scared,4.0,1.8455,worried,4.0,3.3277,amazed,4.0,3.846
529,60e6b3c2b44641460846760d,amused,5.0,1.8291,curious,4.0,3.9796,laughter,4.0,8.5988,excited,4.0,6.7483,embarrassed,3.0,21.5892
530,60e6b3c2b44641460846760d,confused,3.0,2.89,nostalgic,3.0,3.3296,interested,3.0,4.1521,impatient,3.0,6.6457,interested,3.0,3.9078
544,639464b382769e1ddeab5e77,sad,3.0,19.0552,hungry,3.0,4.9146,cold,3.0,3.2565,disgust,3.0,9.73,hate,4.0,14.1378
545,639464b382769e1ddeab5e77,amused,4.0,6.0118,indifferent,4.0,3.5185,bored,4.0,3.6932,calm,3.0,5.937,shrug,4.0,22.7296
546,639464b382769e1ddeab5e77,confused,4.0,3.3517,afraid,3.0,3.3392,questionable,3.0,11.2102,sad,4.0,1.8988,sympathetic,4.0,9.2183
547,639464b382769e1ddeab5e77,happy,4.0,2.6938,hopeful,4.0,2.7854,joy,4.0,3.0531,sadness,3.0,3.9552,lonely,3.0,4.8672
548,639464b382769e1ddeab5e77,disgust,4.0,3.0701,gross,4.0,2.4193,sad,4.0,2.2899,regret,4.0,3.5333,remorse,4.0,6.4896
549,639464b382769e1ddeab5e77,indifferent,4.0,5.2984,happy,3.0,2.2493,sad,3.0,2.269,regret,3.0,6.9251,calm,4.0,3.884
550,639464b382769e1ddeab5e77,amused,4.0,17.5285,interested,3.0,2.6374,pity,4.0,3.9781,happy,4.0,3.573,bored,4.0,3.4723
551,639464b382769e1ddeab5e77,smile,4.0,8.1669,pity,4.0,5.666,funny,3.0,2.3088,happy,4.0,3.0464,amused,4.0,5.7716
552,639464b382769e1ddeab5e77,sad,4.0,15.4529,distressed,4.0,5.8099,pain,4.0,7.6957,sympathy,4.0,8.4264,afraid,4.0,10.9213
553,639464b382769e1ddeab5e77,angry,4.0,12.5146,hate,4.0,3.1973,lame,3.0,3.3143,annoyed,4.0,5.2196,bored,4.0,3.0865
554,639464b382769e1ddeab5e77,afraid,4.0,3.2822,angry,4.0,5.0263,confused,4.0,4.0236,distant,4.0,8.8506,no-hope,4.0,5.1987
555,639464b382769e1ddeab5e77,confused,4.0,4.1599,indifferent,4.0,5.0836,no-idea,5.0,8.638,calm,3.0,4.3161,bored,3.0,2.6874
556,639464b382769e1ddeab5e77,indifferent,3.0,4.4065,bored,3.0,2.0386,tolerable,3.0,19.126,mediocre,3.0,7.305,average,3.0,3.1767
557,639464b382769e1ddeab5e77,interested,4.0,6.1406,afraid,4.0,3.4966,amused,4.0,2.2437,happy,3.0,4.3492,sad,2.0,2.3462
558,639464b382769e1ddeab5e77,amused,4.0,4.5138,happy,3.0,3.997,sad,1.0,1.7952,indifferent,4.0,16.5486,bored,4.0,7.7261
559,639464b382769e1ddeab5e77,sad,4.0,4.0431,afraid,3.0,4.957,happy,2.0,6.378,excite,2.0,4.1727,calm,3.0,2.6646
560,639464b382769e1ddeab5e77,happy,4.0,3.6859,joy,4.0,2.3352,smile,4.0,3.4094,hopeful,4.0,7.2049,longing,4.0,7.3501
561,639464b382769e1ddeab5e77,excite,3.0,13.606,indifferent,3.0,5.6913,disgust,4.0,7.0181,tolerable,4.0,5.4205,passable,4.0,4.4093
562,639464b382769e1ddeab5e77,surprise,5.0,5.522,sad,3.0,3.0119,afraid,4.0,2.3026,angry,3.0,6.8696,calm,2.0,5.3774
563,639464b382769e1ddeab5e77,bored,4.0,4.6478,indifferent,4.0,2.958,apathetic,3.0,7.4194,detached,3.0,4.1056,distant,4.0,4.7174
564,639464b382769e1ddeab5e77,sad,4.0,3.213,calm,2.0,8.9375,happy,1.0,2.8265,readiness,3.0,38.9728,eager,3.0,12.0346
565,639464b382769e1ddeab5e77,exciting,4.0,3.8416,happy,3.0,2.4236,amused,4.0,6.795,entertained,4.0,18.575,cheer,3.0,6.007
566,639464b382769e1ddeab5e77,stunned,4.0,4.0826,surprised,5.0,2.617,uncertain,4.0,3.2441,afraid,3.0,2.8857,sad,4.0,1.7099
567,639464b382769e1ddeab5e77,amused,4.0,3.847,laugh,4.0,2.4872,smile,4.0,2.7159,funny,4.0,3.4711,happy,4.0,3.6484
568,639464b382769e1ddeab5e77,afraid,4.0,4.8891,uncertain,4.0,2.8077,nostalgic,4.0,2.8442,sad,4.0,2.5695,calm,3.0,2.604
582,5e3d57ef40ad1a000a6cb0ab,awe,4.0,32.749,desire,5.0,10.1959,interest,4.0,17.9974,excitement,4.0,17.3818,delighted,4.0,92.0168
583,5e3d57ef40ad1a000a6cb0ab,admiration,4.0,20.2228,awe,4.0,1.7502,reverence,5.0,4.57,thankful,3.0,75.7971,melancholy,3.0,41.3011
584,5e3d57ef40ad1a000a6cb0ab,anger,5.0,5.179,indignant,5.0,8.1581,horrified,4.0,37.5943,distressed,4.0,20.5292,contempt,4.0,18.4189
585,5e3d57ef40ad1a000a6cb0ab,hopeful,5.0,12.6647,thankful,5.0,4.1195,relieved,5.0,53.269,pleased,4.0,33.8508,curious,4.0,44.5314
586,5e3d57ef40ad1a000a6cb0ab,disgust,5.0,3.8053,uneasy,5.0,4.8889,disbelief,4.0,9.2081,disturbed,4.0,14.7627,nauseated,5.0,26.6119
587,5e3d57ef40ad1a000a6cb0ab,calm,4.0,34.2892,indifferent,3.0,50.8477,bored,3.0,6.1891,disinterest,4.0,65.57,optimistic,3.0,37.6837
588,5e3d57ef40ad1a000a6cb0ab,concerned,4.0,8.4513,sympathy,5.0,28.385,disheartened,4.0,66.3805,hopeful,3.0,29.3405,pensive,5.0,29.0943
589,5e3d57ef40ad1a000a6cb0ab,amusement,5.0,4.9827,awkward,4.0,5.6988,interest,4.0,62.0141,humour,4.0,31.2199,relaxed,4.0,75.1934
590,5e3d57ef40ad1a000a6cb0ab,disbelief,4.0,11.5996,pain,4.0,23.3857,empathetic,4.0,4.6858,shock,3.0,12.3963,discomfort,3.0,18.0738
591,5e3d57ef40ad1a000a6cb0ab,annoyance,5.0,8.9979,dislike,5.0,7.856,irritated,5.0,20.4045,loathing,4.0,7.5538,grumpy,3.0,118.3145
592,5e3d57ef40ad1a000a6cb0ab,worried,5.0,7.7135,tense,5.0,4.9394,concerned,5.0,5.2993,anxious,4.0,3.3823,alarmed,5.0,37.1389
593,5e3d57ef40ad1a000a6cb0ab,confused,4.0,4.7137,baffled,3.0,13.3753,unsure,4.0,12.5292,focused,3.0,16.8392,interest,4.0,16.0524
594,5e3d57ef40ad1a000a6cb0ab,amusement,4.0,5.5109,disbelief,4.0,4.6327,sarcasm,3.0,6.087,curious,3.0,19.9405,puzzled,3.0,10.4965
595,5e3d57ef40ad1a000a6cb0ab,fear,5.0,4.6038,disbelief,5.0,4.2795,tense,5.0,9.3771,shocked,5.0,4.7061,uneasy,5.0,5.1861
596,5e3d57ef40ad1a000a6cb0ab,perplexed,5.0,5.0781,baffled,5.0,4.0027,disbelief,4.0,3.8643,curious,5.0,6.2544,interest,4.0,17.8425
597,5e3d57ef40ad1a000a6cb0ab,sadness,4.0,9.2222,sympathy,5.0,5.0854,powerless,3.0,31.0019,worried,4.0,18.1753,vulnerable,3.0,21.5847
598,5e3d57ef40ad1a000a6cb0ab,content,4.0,4.0348,longing,4.0,3.265,happiness,5.0,4.4821,affection,4.0,30.1006,admiration,5.0,6.2019
599,5e3d57ef40ad1a000a6cb0ab,surprise,5.0,7.3093,shocked,4.0,17.1266,disbelief,5.0,8.9705,uncomfortable,4.0,4.865,awkward,4.0,3.4701
600,5e3d57ef40ad1a000a6cb0ab,horror,5.0,3.8457,shock,5.0,4.7944,fear,5.0,5.7437,disbelief,5.0,4.5298,troubled,5.0,19.2014
601,5e3d57ef40ad1a000a6cb0ab,calm,5.0,3.9842,at-ease,4.0,6.3022,content,3.0,10.9463,relaxed,4.0,6.8564,peaceful,3.0,35.1065
602,5e3d57ef40ad1a000a6cb0ab,empathetic,5.0,9.5373,sadness,5.0,7.7579,grief,5.0,17.3018,depressed,4.0,14.8861,dejected,4.0,21.0138
603,5e3d57ef40ad1a000a6cb0ab,impressed,5.0,4.0212,awe,4.0,4.0639,enjoyment,3.0,39.1669,pride,3.0,7.165,pleased,4.0,21.5183
604,5e3d57ef40ad1a000a6cb0ab,fear,5.0,5.1529,powerless,5.0,6.6548,shock,5.0,6.408,tense,5.0,8.8539,troubled,5.0,6.553
605,5e3d57ef40ad1a000a6cb0ab,amused,5.0,4.8909,surprised,4.0,3.3589,disbelief,4.0,4.8065,surprised,4.0,29.0858,cynical,4.0,21.2688
606,5e3d57ef40ad1a000a6cb0ab,nostalgia,4.0,5.4735,surprise,4.0,9.051,interest,4.0,3.9023,intrigued,3.0,63.7968,suspense,4.0,46.4337
620,5c317f9c70d93a00012308fe,fascinated,4.0,3.9828,intrigued,4.0,12.767,hungry,3.0,12.222,calm,5.0,9.6601,happy,4.0,23.0904
621,5c317f9c70d93a00012308fe,neutral,5.0,9.1729,intrigued,5.0,3.3329,disgust,5.0,3.0252,distracted,4.0,12.4481,angry,2.0,20.7161
622,5c317f9c70d93a00012308fe,disgusted,5.0,4.3713,angry,5.0,1.8659,upset,5.0,3.185,dismayed,5.0,4.7187,appalled,5.0,10.83
623,5c317f9c70d93a00012308fe,happy,4.0,6.6068,perplexed,5.0,3.0386,wondering,4.0,2.1397,relieved,4.0,4.958,cold,4.0,5.525
624,5c317f9c70d93a00012308fe,neutral,4.0,5.4848,repulsed,4.0,5.9952,uncaring,4.0,3.8595,avoidant,5.0,12.5649,head-shaking,4.0,7.2279
625,5c317f9c70d93a00012308fe,bored,4.0,4.6085,distracted,5.0,3.8886,tired,4.0,4.1413,neutral,4.0,4.4527,calm,4.0,7.961
626,5c317f9c70d93a00012308fe,happiness,4.0,4.6134,relief,4.0,3.8943,calm,5.0,8.8181,sad,4.0,19.8373,wondering,4.0,10.9584
627,5c317f9c70d93a00012308fe,bored,5.0,4.905,yawning,5.0,3.0018,tired,5.0,2.6881,uninterested,5.0,2.4231,upset,5.0,2.8582
628,5c317f9c70d93a00012308fe,cringe,5.0,2.1766,amused,5.0,13.8271,shrivel,5.0,6.4922,happy,5.0,6.687,laughter,4.0,3.831
629,5c317f9c70d93a00012308fe,bored,4.0,7.7419,tired,5.0,1.9825,uninterested,5.0,2.3398,distracted,5.0,4.5272,unapolagetic,5.0,11.4791
630,5c317f9c70d93a00012308fe,head-shaking,5.0,4.2637,annoyed,5.0,1.8824,angry,5.0,4.107,avoidant,4.0,7.3514,upset,3.0,3.6119
631,5c317f9c70d93a00012308fe,annoyed,5.0,3.6408,joyous,5.0,5.4527,head-shaking,4.0,4.6773,relieved,5.0,4.407,laughter,4.0,4.9395
632,5c317f9c70d93a00012308fe,disgust,5.0,4.1259,avoidant,5.0,3.1159,annoyed,5.0,3.0951,bored,5.0,1.5768,uninterested,4.0,2.5186
633,5c317f9c70d93a00012308fe,tense,5.0,3.161,amazed,5.0,1.9267,bewildered,5.0,2.9253,interested,4.0,7.8528,afraid,3.0,3.881
634,5c317f9c70d93a00012308fe,intrigued,5.0,5.2389,perplexed,5.0,5.2567,intrigue,4.0,6.3638,fascination,3.0,2.4941,approachable,4.0,8.636
635,5c317f9c70d93a00012308fe,uncaring,5.0,3.1787,neutral,5.0,5.3471,bemused,5.0,1.6309,happy,5.0,3.2383,bored,5.0,4.273
636,5c317f9c70d93a00012308fe,neutral,5.0,2.9521,bored,5.0,1.8251,uninterested,4.0,2.4619,wondering,3.0,8.0282,happiness,2.0,4.1094
637,5c317f9c70d93a00012308fe,disgust,5.0,2.4388,repulsion,5.0,3.3849,bored,5.0,2.6437,avoidant,5.0,2.1482,head-shaking,5.0,5.7967
638,5c317f9c70d93a00012308fe,tense,4.0,7.6795,fixated,5.0,3.4397,cringe,4.0,2.3957,head-shaking,5.0,4.8286,annoyed,2.0,6.335
639,5c317f9c70d93a00012308fe,bored,4.0,6.7493,loud,5.0,3.5348,noisy,5.0,7.129,pollution,5.0,6.5599,disturbing,3.0,6.1998
640,5c317f9c70d93a00012308fe,uncaring,5.0,2.5877,afraid,5.0,2.9236,disgusted,5.0,2.2589,annoyed,4.0,2.7658,dismayed,3.0,2.5711
641,5c317f9c70d93a00012308fe,bored,5.0,2.9372,disinterested,5.0,2.3424,sleepy,5.0,4.8683,agony,5.0,5.9904,avoidant,3.0,12.4686
642,5c317f9c70d93a00012308fe,amazed,5.0,2.8895,perplexed,5.0,4.6472,entranced,5.0,2.917,neutral,5.0,3.7885,horrified,4.0,19.0853
643,5c317f9c70d93a00012308fe,bored,5.0,2.375,falling-asleep,5.0,12.1479,dismayed,4.0,2.9569,avoidant,5.0,1.8792,drained,5.0,4.3699
644,5c317f9c70d93a00012308fe,bored,5.0,2.4893,overplayed,5.0,5.1802,backround-noise,5.0,7.0761,upset,4.0,5.4415,avoidant,5.0,2.579
658,5f30a3aafe3e9550d0b8333d,excited,5.0,9.9875,happiness,5.0,5.7139,hungry,5.0,11.4168,guilty,5.0,7.5811,pleasure,5.0,6.9237
659,5f30a3aafe3e9550d0b8333d,proud,5.0,5.9114,right,5.0,5.999,happy,5.0,5.532,safe,5.0,6.8396,secure,5.0,6.7353
660,5f30a3aafe3e9550d0b8333d,angry,5.0,6.6282,worried,5.0,6.0855,nonsense,5.0,6.9662,crime,5.0,4.5995,hate,5.0,4.0974
661,5f30a3aafe3e9550d0b8333d,happy,4.0,10.1719,calm,5.0,10.5731,love,3.0,4.0457,caring,4.0,8.0083,right,4.0,10.3876
662,5f30a3aafe3e9550d0b8333d,disgust,5.0,9.5518,angry,3.0,5.5467,sick,4.0,6.0488,anger,4.0,5.065,calm,2.0,12.9487
663,5f30a3aafe3e9550d0b8333d,happy,4.0,6.3561,team,5.0,6.3141,excited,5.0,9.423,forward,3.0,30.3828,universial,3.0,7.9242
664,5f30a3aafe3e9550d0b8333d,disgust,4.0,8.0229,greed,5.0,5.3678,anger,5.0,6.0501,irresponsible,5.0,12.1404,sad,5.0,8.776
665,5f30a3aafe3e9550d0b8333d,happy,4.0,6.9156,team,4.0,6.4912,sport,4.0,8.6983,cheer,4.0,6.3151,fan,4.0,5.3349
666,5f30a3aafe3e9550d0b8333d,funny,3.0,9.4459,fear,4.0,8.1304,calm,4.0,7.4616,injury,4.0,8.2282,sad,2.0,8.7746
667,5f30a3aafe3e9550d0b8333d,happy,4.0,9.0493,excited,4.0,7.1106,wishful,4.0,20.9185,pleasant,4.0,8.0317,forward,2.0,18.2745
668,5f30a3aafe3e9550d0b8333d,anger,4.0,5.306,disgust,3.0,5.868,worried,4.0,7.2572,pity,4.0,9.2001,afraid,3.0,7.7769
669,5f30a3aafe3e9550d0b8333d,stupidness,5.0,8.6333,anger,5.0,4.5266,confused,4.0,12.6387,foreign,4.0,7.452,dumbness,5.0,7.7448
670,5f30a3aafe3e9550d0b8333d,happy,4.0,8.2442,calm,3.0,3.7986,disgust,3.0,7.8902,worry,3.0,4.5282,pity,3.0,6.8397
671,5f30a3aafe3e9550d0b8333d,fear,3.0,5.9882,worry,4.0,4.4629,stupid,4.0,9.7812,edgy,4.0,4.7286,worry,4.0,9.7674
672,5f30a3aafe3e9550d0b8333d,worry,5.0,8.6439,afraid,4.0,6.5218,disgust,3.0,6.5697,sadness,3.0,9.1957,concern,4.0,5.7852
673,5f30a3aafe3e9550d0b8333d,fear,5.0,4.4965,worry,5.0,4.1456,panic,4.0,5.1669,angry,5.0,9.7203,helpless,5.0,6.0872
674,5f30a3aafe3e9550d0b8333d,love,5.0,5.0243,calm,5.0,5.3117,plesent,5.0,6.2537,caring,5.0,8.146,sharing,5.0,5.4631
675,5f30a3aafe3e9550d0b8333d,sexual,5.0,10.8756,excitment,5.0,11.3814,happy,5.0,4.9659,sexual,5.0,7.6696,adult,5.0,17.6492
676,5f30a3aafe3e9550d0b8333d,fear,5.0,5.1358,worry,5.0,4.5452,panic,5.0,5.2534,sadness,5.0,6.5973,confusion,5.0,6.6256
677,5f30a3aafe3e9550d0b8333d,happy,5.0,5.6437,calm,5.0,4.9617,nostelgic,4.0,7.5308,peacefull,5.0,19.1483,sharing,5.0,6.5335
678,5f30a3aafe3e9550d0b8333d,concern,5.0,7.2599,pity,4.0,3.8909,angry,4.0,7.3531,sadness,5.0,5.3279,grief,4.0,4.1754
679,5f30a3aafe3e9550d0b8333d,excited,5.0,14.2126,happy,5.0,4.7301,amazed,4.0,5.2406,wonder,5.0,13.4368,amazement,5.0,6.584
680,5f30a3aafe3e9550d0b8333d,fear,5.0,4.7774,hopeless,5.0,11.6241,sadness,5.0,11.4996,attentive,5.0,14.6539,condolence,3.0,39.0186
681,5f30a3aafe3e9550d0b8333d,happyness,4.0,9.7901,stupidity,4.0,6.5224,careless,4.0,5.4569,premature,5.0,6.7839,wonder,3.0,7.7283
682,5f30a3aafe3e9550d0b8333d,happyness,5.0,6.5876,nostelgic,5.0,7.5631,excited,5.0,13.9914,fun,5.0,14.5628,calm,4.0,8.8846
696,5e6a11b646df0b0008647b87,mouth-watering,5.0,6.5616,hunger,5.0,16.6924,deliciousness,5.0,6.656,peckish,4.0,8.3925,sweet-craving,5.0,7.1509
697,5e6a11b646df0b0008647b87,proud,5.0,4.7757,patriarchy,4.0,10.7116,content,4.0,12.3881,happy,5.0,4.9749,supportive,4.0,16.1124
698,5e6a11b646df0b0008647b87,angry,5.0,4.6824,sad,5.0,3.5716,worried,5.0,5.4255,empathy,5.0,5.5279,annoyed,4.0,4.7447
699,5e6a11b646df0b0008647b87,relief,5.0,4.6923,worried,5.0,4.0451,reassured,3.0,4.1951,proud,4.0,19.2755,grateful,5.0,7.7414
700,5e6a11b646df0b0008647b87,neutral,4.0,23.8548,content,3.0,6.8723,bored,3.0,24.3223,disappointed,2.0,7.8937,same-same,5.0,6.8011
701,5e6a11b646df0b0008647b87,happy,5.0,4.4901,proud,4.0,4.2281,congratulatory,5.0,6.7584,celebratory,5.0,5.7817,supportive,3.0,4.0452
702,5e6a11b646df0b0008647b87,sad,5.0,5.3255,anger,4.0,4.593,annoyance,5.0,6.8584,empathetic,5.0,4.6348,sympathetic,5.0,5.3325
703,5e6a11b646df0b0008647b87,neutral,5.0,10.892,happy,4.0,7.1067,ecstatic,3.0,10.7725,content,5.0,10.7326,optimistic,4.0,17.0528
704,5e6a11b646df0b0008647b87,sore,3.0,5.2279,sympathetic,5.0,5.8741,pity,5.0,9.7421,optimism,3.0,6.568,worried,4.0,7.0313
705,5e6a11b646df0b0008647b87,annoyed,5.0,5.8369,angry,5.0,6.5081,irritated,5.0,16.93,irked,5.0,17.9106,bothered,5.0,4.2842
706,5e6a11b646df0b0008647b87,scared,4.0,3.6928,relief,5.0,4.1288,confused,4.0,8.0892,scared,4.0,16.2633,sympathy,3.0,20.431
707,5e6a11b646df0b0008647b87,worried,5.0,6.1724,relieved,5.0,4.3677,shocked,5.0,4.894,astounded,4.0,10.1524,astonished,5.0,9.6757
708,5e6a11b646df0b0008647b87,annoyed,5.0,6.4268,irritated,5.0,16.2295,bothered,5.0,11.6911,unimpressed,5.0,11.9803,irked,5.0,6.2093
709,5e6a11b646df0b0008647b87,afraid,5.0,5.2932,worried,5.0,4.6466,astounded,5.0,5.1808,amazed,5.0,5.1476,hopeful,4.0,24.7625
710,5e6a11b646df0b0008647b87,confused,5.0,7.7798,uneasy,3.0,12.0304,puzzled,5.0,9.2957,amazed,3.0,6.7971,afraid,3.0,28.5386
711,5e6a11b646df0b0008647b87,worried,5.0,6.9694,sad,5.0,3.292,hopeful,5.0,13.0894,empathetic,5.0,5.9872,afraid,5.0,6.5928
712,5e6a11b646df0b0008647b87,happy,5.0,4.7322,optimistic,5.0,19.447,glad,5.0,6.621,loved,5.0,3.561,reassured,4.0,4.6741
713,5e6a11b646df0b0008647b87,shocked,5.0,6.9591,aroused,5.0,5.2639,excited,5.0,3.4512,confused,3.0,4.5948,bemused,4.0,15.1979
714,5e6a11b646df0b0008647b87,shocked,5.0,4.5576,scared,5.0,3.7312,frightened,5.0,7.3926,worried,5.0,4.0758,sad,5.0,82.5359
715,5e6a11b646df0b0008647b87,neutral,5.0,5.9675,content,3.0,4.9078,so-so,5.0,14.3415,unentertained,4.0,9.929,bored,3.0,5.1236
716,5e6a11b646df0b0008647b87,sad,5.0,4.0184,sympathetic,5.0,7.5101,worried,5.0,7.0223,unhappy,4.0,4.248,confused,3.0,11.0406
717,5e6a11b646df0b0008647b87,happy,4.0,3.52,excited,4.0,5.3514,ecstatic,3.0,6.3964,proud,5.0,4.6299,joyful,3.0,5.7314
718,5e6a11b646df0b0008647b87,worried,5.0,5.3081,scared,5.0,3.4487,frightened,5.0,4.0337,afraid,5.0,4.9981,emotional,5.0,5.9286
719,5e6a11b646df0b0008647b87,empathetic,5.0,6.1769,pitiful,5.0,10.7971,sad,3.0,13.4696,angst,4.0,6.2154,optimistic,4.0,7.7647
720,5e6a11b646df0b0008647b87,sad,5.0,5.2968,angry,5.0,3.6386,worried,5.0,3.6909,protective,5.0,4.7186,unhappy,5.0,7.4647
734,5c4f91fd97483d0001567f1b,crave,4.0,3.8696,interested,4.0,5.1453,full,3.0,5.7293,greed,2.0,7.0132,hungry,3.0,10.5124
735,5c4f91fd97483d0001567f1b,calm,4.0,10.6541,neutral,5.0,12.9137,de-ja-vu,4.0,9.6474,distant,4.0,11.5643,known,3.0,4.7624
736,5c4f91fd97483d0001567f1b,shock,5.0,3.6863,disgust,5.0,6.229,anger,5.0,3.4623,sympathy,5.0,4.3957,annoyed,5.0,5.58
737,5c4f91fd97483d0001567f1b,on-tenderhooks,5.0,7.4364,glad,5.0,4.6122,suprised,4.0,4.7622,captivated,5.0,4.746,happy-end,5.0,5.6791
738,5c4f91fd97483d0001567f1b,disgust,5.0,7.1138,gross,5.0,3.1965,nauseous,5.0,12.0462,distaste,5.0,9.7794,abhor,5.0,3.6464
739,5c4f91fd97483d0001567f1b,neutral,5.0,4.3192,delight,3.0,8.4457,celebrate,3.0,5.5136,worthy,3.0,6.3955,calm,4.0,3.495
740,5c4f91fd97483d0001567f1b,sad,5.0,3.48,annoyed,5.0,4.1286,sympathy,5.0,6.5957,unjust,5.0,4.1122,powerless,5.0,4.5793
741,5c4f91fd97483d0001567f1b,awkward,5.0,4.3616,neutral,4.0,5.4621,smiling,4.0,5.5124,calm,4.0,3.4131,unsure,4.0,4.063
742,5c4f91fd97483d0001567f1b,pain,5.0,3.054,scary,5.0,4.963,sympathy,5.0,12.8628,distaste,5.0,12.1633,feeling-their-pain,3.0,16.2633
743,5c4f91fd97483d0001567f1b,de-ja-vu,4.0,12.1469,neutral,4.0,6.3135,wanted,4.0,5.1122,hopeful,5.0,6.0971,realistic,2.0,5.746
744,5c4f91fd97483d0001567f1b,relief,5.0,2.6204,shock,5.0,3.5298,suprised,4.0,4.1955,on-tenderhooks,4.0,4.88,dread,4.0,18.6809
745,5c4f91fd97483d0001567f1b,annoyed,4.0,3.403,good-karma,4.0,5.9788,justice-served,4.0,5.412,irritated,4.0,14.9803,suprise,5.0,6.0116
746,5c4f91fd97483d0001567f1b,nonchalant,5.0,7.7196,old,3.0,7.2123,de-ja-vu,4.0,6.2626,fair,4.0,11.0308,calm,4.0,9.5797
747,5c4f91fd97483d0001567f1b,shocked,5.0,4.8027,in-awe,4.0,7.4464,mesmerised,5.0,8.7461,interested,5.0,8.1947,hooked,4.0,2.6287
748,5c4f91fd97483d0001567f1b,baffled,5.0,3.5857,curious,5.0,4.4784,confused,5.0,3.9799,lost,5.0,4.9789,intrigue,5.0,3.4124
749,5c4f91fd97483d0001567f1b,suprised,5.0,5.0803,baffled,5.0,3.1453,on-tenderhooks,4.0,5.7293,fearful,4.0,5.7292,intrigued,3.0,3.8961
750,5c4f91fd97483d0001567f1b,cute,5.0,5.1693,sweet,5.0,5.1294,want,4.0,2.9122,lovely,4.0,6.1908,happiness,4.0,3.9632
751,5c4f91fd97483d0001567f1b,bemused,4.0,6.6308,baffled,4.0,5.6301,confused,3.0,6.4464,calm,4.0,9.5883,neutral,5.0,8.3639
752,5c4f91fd97483d0001567f1b,scared,5.0,3.3333,shocked,5.0,2.9434,baffled,5.0,2.6169,surprised,5.0,8.3138,confused,5.0,4.0804
753,5c4f91fd97483d0001567f1b,neutral,5.0,3.1276,calm,5.0,2.049,intrigue,5.0,3.5078,interested,5.0,3.7316,unsure,4.0,7.4604
754,5c4f91fd97483d0001567f1b,sad,4.0,3.7787,sweetness,4.0,19.4813,sympathy,5.0,5.4222,hopeful,4.0,14.1818,caring,5.0,3.9812
755,5c4f91fd97483d0001567f1b,excitedd,5.0,7.1108,surprised,5.0,10.1337,drawn-in,4.0,4.963,rooting-for,4.0,5.9349,delight,4.0,6.5164
756,5c4f91fd97483d0001567f1b,shocked,5.0,3.57,speechless,5.0,8.0898,baffled,5.0,9.6314,sad,5.0,2.7956,unsure,5.0,15.29
757,5c4f91fd97483d0001567f1b,feel-for,4.0,10.9844,calm,4.0,5.6126,intrigued,4.0,3.8726,empathise,4.0,18.6624,lost,3.0,4.413
758,5c4f91fd97483d0001567f1b,nostalgia,4.0,7.2314,bemused,4.0,5.6128,shocked,4.0,3.1479,drawn-in,4.0,14.2525,de-ja-vu,4.0,8.605
