,participant,word1,rating1,word2,rating2,word3,rating3,word4,rating4,word5,rating5
12,607bfcc67adf7f35b00c57b3,chocolate,4.0,fudge,3.0,sweet,3.0,desert,3.0,delicious,3.0
13,607bfcc67adf7f35b00c57b3,usa,5.0,flag,5.0,soldiers,5.0,proud,3.0,country,3.0
14,607bfcc67adf7f35b00c57b3,men,3.0,people,2.0,walking,2.0,hitting,3.0,violence,2.0
15,607bfcc67adf7f35b00c57b3,rescue,4.0,boat,3.0,dog,3.0,iceberg,3.0,water,4.0
16,607bfcc67adf7f35b00c57b3,woman,3.0,floor,3.0,sick,3.0,vomiting,4.0,unwell,2.0
17,607bfcc67adf7f35b00c57b3,team,3.0,women,3.0,happy,4.0,teamwork,3.0,sports,3.0
18,607bfcc67adf7f35b00c57b3,wing,4.0,feather,3.0,people,3.0,cleaning,3.0,helping,3.0
19,607bfcc67adf7f35b00c57b3,people,3.0,hi-five,3.0,sports,3.0,game,3.0,happy,3.0
20,607bfcc67adf7f35b00c57b3,skateboard,4.0,boy,4.0,fall,4.0,injury,4.0,fell,3.0
21,607bfcc67adf7f35b00c57b3,lady,4.0,money,4.0,throwing,2.0,celebrity,4.0,rich,3.0
22,607bfcc67adf7f35b00c57b3,car,4.0,train,3.0,passing,3.0,fast,3.0,suspence,3.0
23,607bfcc67adf7f35b00c57b3,car,3.0,police,3.0,turning,3.0,driving,3.0,slow,2.0
24,607bfcc67adf7f35b00c57b3,lady,5.0,hilary,5.0,politician,4.0,smirk,3.0,face,3.0
25,607bfcc67adf7f35b00c57b3,rock,3.0,mountain,3.0,high,3.0,slow,3.0,movement,3.0
26,607bfcc67adf7f35b00c57b3,animal,3.0,cart,3.0,slow,3.0,movement,3.0,ride,2.0
27,607bfcc67adf7f35b00c57b3,fire,4.0,smoke,5.0,danger,2.0,air,2.0,congestion,2.0
28,607bfcc67adf7f35b00c57b3,old-couple,4.0,piano,3.0,affection,3.0,sitting,3.0,relaxed,3.0
29,607bfcc67adf7f35b00c57b3,couple,3.0,sex-act,3.0,movement,2.0,slow,2.0,couple,3.0
30,607bfcc67adf7f35b00c57b3,dark,4.0,driving,4.0,fast,3.0,car,3.0,accident,3.0
31,607bfcc67adf7f35b00c57b3,window,4.0,restaurant,4.0,cab,3.0,reflection,3.0,mirror,2.0
32,607bfcc67adf7f35b00c57b3,dog,4.0,limping,3.0,panting,3.0,struggling,3.0,breathing,3.0
33,607bfcc67adf7f35b00c57b3,man,4.0,basketball,4.0,ball,4.0,hoop,4.0,scored,3.0
34,607bfcc67adf7f35b00c57b3,car,3.0,plane,3.0,accident,3.0,plane-crash,4.0,fire,4.0
35,607bfcc67adf7f35b00c57b3,rollerskating,3.0,fast,3.0,winning,3.0,finish-line,3.0,happy,3.0
36,607bfcc67adf7f35b00c57b3,boy,4.0,home-alone,3.0,men,3.0,hanging,3.0,fear,3.0
50,5ca63ead08d8d10015d76a6b,chocolate,5.0,decadent,5.0,delicious,5.0,gooey,5.0,tasty,5.0
51,5ca63ead08d8d10015d76a6b,war,5.0,america,5.0,flag,5.0,soldiers,5.0,windy,5.0
52,5ca63ead08d8d10015d76a6b,bus,5.0,violence,5.0,punch,5.0,arrogant,5.0,evil,5.0
53,5ca63ead08d8d10015d76a6b,saviour,5.0,dog,5.0,men,5.0,ship,5.0,freezing,5.0
54,5ca63ead08d8d10015d76a6b,woman,5.0,sick,5.0,disgusting,5.0,floor,5.0,dress,5.0
55,5ca63ead08d8d10015d76a6b,football,5.0,women,5.0,exciting,5.0,lionesses,5.0,wonderful,5.0
56,5ca63ead08d8d10015d76a6b,oil,5.0,bird,5.0,saving,5.0,disaster,5.0,sick,5.0
57,5ca63ead08d8d10015d76a6b,missed,5.0,hand,5.0,woman,5.0,happy,5.0,awkward,5.0
58,5ca63ead08d8d10015d76a6b,grinding,5.0,skateboard,5.0,injured,5.0,boy,5.0,back,5.0
59,5ca63ead08d8d10015d76a6b,woman,5.0,money,5.0,cash,5.0,frivolous,5.0,free,5.0
60,5ca63ead08d8d10015d76a6b,close,5.0,car,5.0,stupid,5.0,train,5.0,deadly,5.0
61,5ca63ead08d8d10015d76a6b,idiot,5.0,police,5.0,caught,5.0,bad,5.0,taxi,5.0
62,5ca63ead08d8d10015d76a6b,unimpressed,5.0,woman,5.0,eyebrows,5.0,cross,5.0,mad,5.0
63,5ca63ead08d8d10015d76a6b,extreme,5.0,sports,5.0,bike,5.0,person,5.0,crazy,5.0
64,5ca63ead08d8d10015d76a6b,weird,5.0,hand,5.0,thing,5.0,odd,5.0,wheels,5.0
65,5ca63ead08d8d10015d76a6b,fire,5.0,house,5.0,smoke,5.0,danger,5.0,injury,5.0
66,5ca63ead08d8d10015d76a6b,love,5.0,content,5.0,happy,5.0,easy,5.0,restful,5.0
67,5ca63ead08d8d10015d76a6b,sexual,5.0,erotic,5.0,licking,5.0,hair,5.0,orgasm,5.0
68,5ca63ead08d8d10015d76a6b,driving,5.0,person,5.0,hit,5.0,car,5.0,injured,5.0
69,5ca63ead08d8d10015d76a6b,usa,5.0,coffee,5.0,shop,5.0,taxi,5.0,newyork,5.0
70,5ca63ead08d8d10015d76a6b,injured,5.0,dog,5.0,thirsty,5.0,legs,5.0,walk,5.0
71,5ca63ead08d8d10015d76a6b,excitement,5.0,basketball,5.0,strong,5.0,happy,5.0,win,5.0
72,5ca63ead08d8d10015d76a6b,plane,5.0,crash,5.0,windy,5.0,movement,5.0,disaster,5.0
73,5ca63ead08d8d10015d76a6b,skating,5.0,loser,5.0,cocky,5.0,silly,5.0,lost,5.0
74,5ca63ead08d8d10015d76a6b,child,5.0,home,5.0,burglers,5.0,christmas,5.0,movie,5.0
88,5fff11332f30d263176fa57f,delicious,5.0,tempting,5.0,melting,5.0,chocolate,5.0,dessert,5.0
89,5fff11332f30d263176fa57f,inspiring,5.0,flag,4.0,war,3.0,america,4.0,soldiers,5.0
90,5fff11332f30d263176fa57f,shocking,5.0,assault,5.0,thug,5.0,criminal,5.0,awful,5.0
91,5fff11332f30d263176fa57f,ice,4.0,cold,4.0,stuck,5.0,rescue,5.0,floating,3.0
92,5fff11332f30d263176fa57f,disgusting,5.0,sick,5.0,graphic,5.0,puking,5.0,horrible,5.0
93,5fff11332f30d263176fa57f,happy,5.0,delight,5.0,football,5.0,women,5.0,usa,4.0
94,5fff11332f30d263176fa57f,pollution,4.0,horrible,4.0,oil,5.0,environment,5.0,cleanup,4.0
95,5fff11332f30d263176fa57f,celebrations,4.0,crowd,5.0,sports,5.0,happy,4.0,fans,5.0
96,5fff11332f30d263176fa57f,ouch,5.0,fall,5.0,skateboard,4.0,injury,3.0,hurt,3.0
97,5fff11332f30d263176fa57f,cash,5.0,money,5.0,gif,5.0,kim,2.0,makeitrain,3.0
98,5fff11332f30d263176fa57f,lucky,5.0,escape,5.0,car,5.0,train,5.0,close,5.0
99,5fff11332f30d263176fa57f,traffic,4.0,cars,4.0,driving,5.0,drivers,3.0,turn,3.0
100,5fff11332f30d263176fa57f,hilary,5.0,woman,3.0,laughing,4.0,clinton,5.0,listening,3.0
101,5fff11332f30d263176fa57f,crazy,5.0,scene,4.0,cycle,4.0,daredevil,4.0,riding,4.0
102,5fff11332f30d263176fa57f,weird,5.0,odd,5.0,strange,5.0,freaky,5.0,unsure,4.0
103,5fff11332f30d263176fa57f,fire,5.0,devastation,5.0,damage,5.0,firefighters,5.0,damage,5.0
104,5fff11332f30d263176fa57f,cute,5.0,couple,5.0,older,5.0,love,5.0,happy,4.0
105,5fff11332f30d263176fa57f,unclear,3.0,bad,3.0,up,2.0,calm,3.0,normal,3.0
106,5fff11332f30d263176fa57f,crash,5.0,dark,5.0,driving,5.0,injury,5.0,awful,5.0
107,5fff11332f30d263176fa57f,cafe,5.0,calm,5.0,relaxing,5.0,nice,4.0,seats,4.0
108,5fff11332f30d263176fa57f,dog,5.0,crawling,4.0,grass,4.0,legs,3.0,tongue,3.0
109,5fff11332f30d263176fa57f,lebron,5.0,dunk,5.0,basketball,5.0,amazing,5.0,physical,5.0
110,5fff11332f30d263176fa57f,plane,5.0,crash,5.0,weird,5.0,devastating,5.0,terrible,5.0
111,5fff11332f30d263176fa57f,justice,5.0,showboat,5.0,win,5.0,loser,5.0,robbed,4.0
112,5fff11332f30d263176fa57f,funny,5.0,kevin,5.0,film,5.0,christmas,5.0,bandits,4.0
126,61279265d5e72d7707846ba7,desert,5.0,chocolate,5.0,cake,4.0,icecream,5.0,delicious,4.0
127,61279265d5e72d7707846ba7,flag,5.0,soldiers,5.0,usa,5.0,men,4.0,army,5.0
128,61279265d5e72d7707846ba7,scary,3.0,attack,4.0,bus,4.0,guys,4.0,bus-driver,5.0
129,61279265d5e72d7707846ba7,russia,3.0,dog,5.0,ice,5.0,rescue,5.0,cold,5.0
130,61279265d5e72d7707846ba7,disgusting,4.0,vomit,5.0,woman,5.0,hangover,5.0,nasty,4.0
131,61279265d5e72d7707846ba7,happy,5.0,win,5.0,game,5.0,women,5.0,match,4.0
132,61279265d5e72d7707846ba7,bird,4.0,rescue,4.0,care,4.0,help,4.0,pelican,3.0
133,61279265d5e72d7707846ba7,embarrasing,3.0,shade,2.0,lady,4.0,cap,4.0,man,3.0
134,61279265d5e72d7707846ba7,accident,4.0,skateboard,5.0,fall,5.0,male,4.0,snow,3.0
135,61279265d5e72d7707846ba7,money,5.0,beautiful,5.0,calm,4.0,female,4.0,hot,5.0
136,61279265d5e72d7707846ba7,terrifying,5.0,crazy,5.0,car,5.0,train,5.0,risk-taker,2.0
137,61279265d5e72d7707846ba7,pedestrian,4.0,camera,4.0,recording,4.0,complaining,4.0,upset,4.0
138,61279265d5e72d7707846ba7,annoyed,4.0,politician,5.0,prime-minister,4.0,tired,2.0,over-it,2.0
139,61279265d5e72d7707846ba7,risk-taker,3.0,scary,3.0,thrilling,3.0,biking,4.0,dangerous,3.0
140,61279265d5e72d7707846ba7,scary,4.0,confused,5.0,wheel-chair,3.0,people,3.0,fingers,4.0
141,61279265d5e72d7707846ba7,fire,4.0,houses,4.0,smoke,4.0,burning,4.0,flames,4.0
142,61279265d5e72d7707846ba7,beautiful,5.0,couple,5.0,elderly,4.0,happy,5.0,comforting,2.0
143,61279265d5e72d7707846ba7,pleasure,5.0,oral-sex,5.0,fellatio,4.0,orgasim,5.0,exciting,4.0
144,61279265d5e72d7707846ba7,accident,5.0,night,4.0,car,4.0,death,4.0,road-kill,3.0
145,61279265d5e72d7707846ba7,cosy,4.0,taxi,3.0,restaurant,4.0,window,3.0,chairs,3.0
146,61279265d5e72d7707846ba7,dog,4.0,wounded,4.0,grass,4.0,limping,2.0,sad,4.0
147,61279265d5e72d7707846ba7,exciting,5.0,game,5.0,jump,4.0,run,4.0,happy,5.0
148,61279265d5e72d7707846ba7,crash,4.0,airplane,4.0,scary,4.0,terrifying,3.0,fire,2.0
149,61279265d5e72d7707846ba7,race,4.0,marathon,4.0,lack-lustre,2.0,happy,4.0,finish,4.0
150,61279265d5e72d7707846ba7,funny,5.0,scary,3.0,kid,4.0,frighten,2.0,tough,2.0
164,5afbf02302b1b5000103e313,chocolate,5.0,dessert,4.0,exciting,3.0,revealing,3.0,tasty,3.0
165,5afbf02302b1b5000103e313,war,4.0,american,3.0,flag,3.0,japan,3.0,winning,3.0
166,5afbf02302b1b5000103e313,assault,4.0,men,4.0,bus,3.0,hit,4.0,unprovoked,3.0
167,5afbf02302b1b5000103e313,rescue,5.0,dog,3.0,ice,4.0,floating,3.0,ship,3.0
168,5afbf02302b1b5000103e313,woman,5.0,vomiting,5.0,floor,4.0,lying,3.0,flat,3.0
169,5afbf02302b1b5000103e313,football,5.0,womens,4.0,celebration,4.0,team,3.0,players,4.0
170,5afbf02302b1b5000103e313,pelican,4.0,cleaning,5.0,feathers,5.0,oil,4.0,bird,4.0
171,5afbf02302b1b5000103e313,celebration,4.0,crowd,4.0,woman,3.0,red,4.0,sport,4.0
172,5afbf02302b1b5000103e313,accident,4.0,skateboard,5.0,injury,3.0,boy,3.0,child,4.0
173,5afbf02302b1b5000103e313,money,5.0,celebrity,4.0,woman,4.0,kardashian,3.0,posed,2.0
174,5afbf02302b1b5000103e313,car,5.0,train,5.0,crossing,4.0,nearmiss,4.0,stupid,2.0
175,5afbf02302b1b5000103e313,cars,5.0,traffic,3.0,chaos,3.0,driving,3.0,poor,3.0
176,5afbf02302b1b5000103e313,hilary,4.0,clinton,4.0,woman,3.0,politician,3.0,sitting,3.0
177,5afbf02302b1b5000103e313,bike,4.0,rocks,3.0,cliff,3.0,red,3.0,daring,3.0
178,5afbf02302b1b5000103e313,artist,3.0,artwork,3.0,strange,3.0,funny,3.0,unsettling,3.0
179,5afbf02302b1b5000103e313,fire,5.0,house,5.0,burning,4.0,pool,3.0,green,2.0
180,5afbf02302b1b5000103e313,couple,5.0,old,4.0,love,4.0,sweet,3.0,piano,2.0
181,5afbf02302b1b5000103e313,people,4.0,erotic,3.0,woman,3.0,man,3.0,sepia,2.0
182,5afbf02302b1b5000103e313,night,4.0,dark,4.0,cars,4.0,headlights,4.0,crash,4.0
183,5afbf02302b1b5000103e313,cafe,5.0,restaurant,4.0,empty,5.0,chairs,5.0,outside,3.0
184,5afbf02302b1b5000103e313,dog,5.0,injured,4.0,legs,5.0,dragging,4.0,hurt,4.0
185,5afbf02302b1b5000103e313,basketball,5.0,goal,4.0,celebration,4.0,happy,4.0,tall,3.0
186,5afbf02302b1b5000103e313,plane,5.0,crash,5.0,fire,5.0,unreal,2.0,car,3.0
187,5afbf02302b1b5000103e313,skaters,4.0,race,4.0,winning,4.0,arms,2.0,trying,2.0
188,5afbf02302b1b5000103e313,home,5.0,alone,5.0,funny,4.0,film,5.0,clip,3.0
202,605cd2aefa163d506547bb2d,delicious,4.0,mouth-watering,4.0,sugar,4.0,calories,4.0,treat,4.0
203,605cd2aefa163d506547bb2d,helpful,4.0,war,4.0,team,4.0,brothers,4.0,victory,4.0
204,605cd2aefa163d506547bb2d,unacceptable,4.0,disgusted,4.0,disapointed,4.0,bully,4.0,foul,4.0
205,605cd2aefa163d506547bb2d,stranded,4.0,lonely,5.0,scared,5.0,hopeful,4.0,lucky,4.0
206,605cd2aefa163d506547bb2d,disgusting,5.0,sick,4.0,hangover,4.0,weak,4.0,unwell,4.0
207,605cd2aefa163d506547bb2d,team,5.0,happy,5.0,celebrating,5.0,lucky,5.0,victory,4.0
208,605cd2aefa163d506547bb2d,pain,4.0,injured,4.0,sad,4.0,scared,4.0,worried,4.0
209,605cd2aefa163d506547bb2d,excited,4.0,happy,4.0,congratulations,4.0,victory,4.0,happy,4.0
210,605cd2aefa163d506547bb2d,excrutiating,5.0,painful,5.0,hopeless,4.0,sore,4.0,injured,5.0
211,605cd2aefa163d506547bb2d,fame,4.0,show-off,5.0,wealthy,4.0,role-model,4.0,happy,4.0
212,605cd2aefa163d506547bb2d,close-call,5.0,lucky,4.0,escaped,4.0,anxious,4.0,breathless,4.0
213,605cd2aefa163d506547bb2d,anxious,4.0,nervous,4.0,careful,4.0,unlucky,4.0,disapointed,4.0
214,605cd2aefa163d506547bb2d,unbothered,4.0,surprised,4.0,unphased,4.0,attitude,4.0,dont-care,5.0
215,605cd2aefa163d506547bb2d,daredevil,5.0,anxious,5.0,nervous,5.0,excited,5.0,high,5.0
216,605cd2aefa163d506547bb2d,confused,5.0,thinking,5.0,wondering,5.0,unusual,5.0,surprised,5.0
217,605cd2aefa163d506547bb2d,devastation,5.0,shocked,5.0,sad,5.0,heartache,5.0,disapointed,5.0
218,605cd2aefa163d506547bb2d,partners,5.0,loving,5.0,caring,5.0,acceptable,5.0,honest,5.0
219,605cd2aefa163d506547bb2d,pleasure,5.0,consenting,5.0,adults,5.0,foreplay,5.0,sexual,5.0
220,605cd2aefa163d506547bb2d,dark,5.0,mistake,5.0,accident,5.0,nerve-wrecking,5.0,scared,4.0
221,605cd2aefa163d506547bb2d,relaxed,5.0,peaceful,5.0,calm,5.0,beautiful,5.0,succesful,3.0
222,605cd2aefa163d506547bb2d,injured,5.0,sad,4.0,lonely,4.0,depressed,4.0,emotional,4.0
223,605cd2aefa163d506547bb2d,victory,5.0,scored,5.0,excited,5.0,lucky,5.0,impressive,5.0
224,605cd2aefa163d506547bb2d,tragic,5.0,nervous,5.0,panic,5.0,worry,5.0,shocked,5.0
225,605cd2aefa163d506547bb2d,unlucky,5.0,boasting,5.0,attention,4.0,proud,4.0,ahead,4.0
226,605cd2aefa163d506547bb2d,comedy,5.0,playful,5.0,teasing,5.0,bullying,3.0,thieves,3.0
240,607e90c1f406d76b70d9d8f1,yummy,2.0,chocolate,3.0,cake,3.0,mouth-watering,4.0,plate,2.0
241,607e90c1f406d76b70d9d8f1,war,3.0,independence,3.0,usa,3.0,soldiers,3.0,flag,4.0
242,607e90c1f406d76b70d9d8f1,bus-driver,4.0,violence,3.0,bus,3.0,boys,3.0,hit,3.0
243,607e90c1f406d76b70d9d8f1,rescue,3.0,dogs,3.0,sailors,3.0,iceberg,3.0,boat,4.0
244,607e90c1f406d76b70d9d8f1,funeral,2.0,church,3.0,woman,3.0,vomit,2.0,crying,3.0
245,607e90c1f406d76b70d9d8f1,victory,3.0,ladies,3.0,soccer,2.0,celebration,3.0,uniform,1.0
246,607e90c1f406d76b70d9d8f1,rescue,3.0,bird,3.0,injured,3.0,vet,3.0,attending,2.0
247,607e90c1f406d76b70d9d8f1,match,3.0,strangers,2.0,celebrating,3.0,stadium,2.0,win,3.0
248,607e90c1f406d76b70d9d8f1,boy,4.0,skate-boarding,4.0,incident,3.0,hit,2.0,back-injury,3.0
249,607e90c1f406d76b70d9d8f1,money,4.0,kim-kardashian,4.0,make-it-rain,3.0,rich,3.0,spend,1.0
250,607e90c1f406d76b70d9d8f1,train,3.0,car,3.0,railway-line,3.0,survived,2.0,crash,3.0
251,607e90c1f406d76b70d9d8f1,police,3.0,chase,2.0,vehicle,2.0,road-rules,3.0,arrest,3.0
252,607e90c1f406d76b70d9d8f1,speech,2.0,woman,3.0,spokes-person,3.0,uninterested,3.0,displeased,2.0
253,607e90c1f406d76b70d9d8f1,biker,3.0,mountain,3.0,scary,2.0,sport,3.0,red,3.0
254,607e90c1f406d76b70d9d8f1,puppet,1.0,riding,2.0,bike,3.0,audience,3.0,watching,2.0
255,607e90c1f406d76b70d9d8f1,burning,4.0,house,4.0,chaos,3.0,people,3.0,running,3.0
256,607e90c1f406d76b70d9d8f1,house,2.0,love,2.0,old-couple,4.0,spending,2.0,quality-time,1.0
257,607e90c1f406d76b70d9d8f1,sensual,3.0,couple,3.0,pleasure,3.0,woman,3.0,man,3.0
258,607e90c1f406d76b70d9d8f1,hit,2.0,car-accident,3.0,night,3.0,cars,3.0,dark,3.0
259,607e90c1f406d76b70d9d8f1,empty,3.0,bar,3.0,road,3.0,beautiful,2.0,quiet,2.0
260,607e90c1f406d76b70d9d8f1,injured,3.0,dog,4.0,green-grass,2.0,dragging,3.0,leg,3.0
261,607e90c1f406d76b70d9d8f1,scoring,3.0,victory,4.0,basketball,4.0,win,3.0,player,3.0
262,607e90c1f406d76b70d9d8f1,airpline,5.0,car,5.0,accident,3.0,crash,3.0,explosion,4.0
263,607e90c1f406d76b70d9d8f1,skating,3.0,sport,3.0,players,3.0,close-call,1.0,win,2.0
264,607e90c1f406d76b70d9d8f1,home-alone,3.0,movie,3.0,scared,3.0,kid,3.0,thieves,3.0
278,60603496c9a3d83273a11297,chocolate,5.0,sweet,4.0,sauce,3.0,plate,4.0,strawberry,3.0
279,60603496c9a3d83273a11297,men,4.0,flag,5.0,soldier,5.0,war,3.0,work,3.0
280,60603496c9a3d83273a11297,boys,4.0,walking,4.0,man,4.0,door,3.0,working,3.0
281,60603496c9a3d83273a11297,ice,5.0,ship,5.0,dog,5.0,ocean,4.0,men,3.0
282,60603496c9a3d83273a11297,woman,5.0,vomit,5.0,floor,3.0,flowers,3.0,sick,4.0
283,60603496c9a3d83273a11297,women,5.0,excited,5.0,play,4.0,beautiful,3.0,stadium,3.0
284,60603496c9a3d83273a11297,feathers,5.0,bird,5.0,workers,4.0,table,3.0,cut,3.0
285,60603496c9a3d83273a11297,friends,3.0,hands,4.0,cold,3.0,jacket,3.0,happy,4.0
286,60603496c9a3d83273a11297,pain,5.0,boy,3.0,skateboard,5.0,sad,4.0,play,4.0
287,60603496c9a3d83273a11297,woman,4.0,brunette,3.0,shocked,4.0,lips,3.0,hands,3.0
288,60603496c9a3d83273a11297,car,5.0,train,5.0,nerve-wracking,4.0,robots,3.0,road,3.0
289,60603496c9a3d83273a11297,police,5.0,car,5.0,road,3.0,criminal,4.0,scene,3.0
290,60603496c9a3d83273a11297,bored,4.0,woman,4.0,blonde,3.0,calm,4.0,listen,3.0
291,60603496c9a3d83273a11297,mountain,3.0,biker,4.0,cycling,5.0,helmet,4.0,soil,3.0
292,60603496c9a3d83273a11297,hands,5.0,black,4.0,transport,3.0,walking,4.0,people,4.0
293,60603496c9a3d83273a11297,fire,5.0,house,5.0,sad,3.0,smoke,4.0,arson,3.0
294,60603496c9a3d83273a11297,love,5.0,old,4.0,couple,5.0,calm,4.0,beautiful,5.0
295,60603496c9a3d83273a11297,hands,5.0,hair,5.0,enjoyment,3.0,action,3.0,exciting,4.0
296,60603496c9a3d83273a11297,accident,5.0,night,5.0,lights,4.0,person,4.0,driving,4.0
297,60603496c9a3d83273a11297,restaurants,5.0,window,4.0,tables,4.0,chairs,4.0,taxi,4.0
298,60603496c9a3d83273a11297,injury,5.0,dog,5.0,grass,5.0,rope,4.0,pull,3.0
299,60603496c9a3d83273a11297,game,5.0,winning,5.0,exciting,5.0,ball,4.0,running,4.0
300,60603496c9a3d83273a11297,plane,5.0,car,4.0,accident,4.0,fire,4.0,crash,3.0
301,60603496c9a3d83273a11297,playing,4.0,roller-skate,5.0,men,4.0,competition,4.0,roller-rink,4.0
302,60603496c9a3d83273a11297,criminals,5.0,child,4.0,robe,3.0,door,3.0,hands,3.0
316,5fa7f2d31418d35a96331337,food,5.0,chocolate,5.0,plate,4.0,ball,4.0,pouring,4.0
317,5fa7f2d31418d35a96331337,soldiers,4.0,usa-flag,4.0,victory,4.0,man,4.0,victory,4.0
318,5fa7f2d31418d35a96331337,footage,4.0,customers,4.0,shop,4.0,que,4.0,buying,4.0
319,5fa7f2d31418d35a96331337,dog,4.0,snow,4.0,rescue,4.0,ship,4.0,man,4.0
320,5fa7f2d31418d35a96331337,woman,4.0,vomiting,4.0,floor,4.0,floor,4.0,black-dress,4.0
321,5fa7f2d31418d35a96331337,team,4.0,woman-soccer,4.0,embrace,4.0,victory,4.0,excitement,4.0
322,5fa7f2d31418d35a96331337,bird,4.0,man,4.0,rescue-team,4.0,yellow-overalls,4.0,man,4.0
323,5fa7f2d31418d35a96331337,fans,4.0,celebration,4.0,clapping,4.0,overjoyed,4.0,victory,4.0
324,5fa7f2d31418d35a96331337,injury,4.0,scateboard,4.0,boy,4.0,back-injury,4.0,green-helmet,4.0
325,5fa7f2d31418d35a96331337,money,4.0,beautiful,4.0,woman,4.0,famous,4.0,kim-kardashian,4.0
326,5fa7f2d31418d35a96331337,car,4.0,gate,4.0,locked,4.0,locked,4.0,security,4.0
327,5fa7f2d31418d35a96331337,police,4.0,car,4.0,tar-road,4.0,u-turn,4.0,traffic,3.0
328,5fa7f2d31418d35a96331337,speaker,4.0,microphone,4.0,woman,4.0,granny,4.0,attitude,4.0
329,5fa7f2d31418d35a96331337,mountain,4.0,scary,3.0,adventure,4.0,adrenalin-rush,4.0,climbing,4.0
330,5fa7f2d31418d35a96331337,animal,4.0,cycling,4.0,animal,4.0,walking,4.0,carriage,4.0
331,5fa7f2d31418d35a96331337,fire,4.0,burning,4.0,house,4.0,ashes,4.0,destruction,4.0
332,5fa7f2d31418d35a96331337,love,4.0,elderly,4.0,empathy,4.0,romance,4.0,piano,4.0
333,5fa7f2d31418d35a96331337,sex,4.0,explicit,4.0,oral-sex,4.0,orgasm,4.0,sexual-energy,4.0
334,5fa7f2d31418d35a96331337,traumatic,4.0,accident,4.0,car-accident,4.0,injury,4.0,brakes,4.0
335,5fa7f2d31418d35a96331337,dinning,4.0,outdoors,4.0,food,4.0,good-company,4.0,table,4.0
336,5fa7f2d31418d35a96331337,pitbull,4.0,leash,4.0,animal,4.0,injured,4.0,walking,4.0
337,5fa7f2d31418d35a96331337,basketball-game,4.0,basketball-player,4.0,goal,4.0,win,4.0,victory,4.0
338,5fa7f2d31418d35a96331337,airplanecrash,4.0,cloudy,4.0,accident,4.0,fire,4.0,death,4.0
339,5fa7f2d31418d35a96331337,man,4.0,rolling,4.0,game,4.0,victory,4.0,winning,4.0
340,5fa7f2d31418d35a96331337,traumatic,4.0,threatening,4.0,child,4.0,man,4.0,bullies,4.0
354,6393a08fff31ea48f8ca7096,dessert,5.0,chocolate,4.0,sauce,4.0,flow,2.0,delicious,4.0
355,6393a08fff31ea48f8ca7096,flag,5.0,hoist,3.0,soldiers,4.0,war,4.0,patriotic,4.0
356,6393a08fff31ea48f8ca7096,bus-driver,5.0,punch,4.0,anger,5.0,attack,4.0,men,4.0
357,6393a08fff31ea48f8ca7096,dog,5.0,ice,4.0,boat,5.0,save,4.0,global-warming,3.0
358,6393a08fff31ea48f8ca7096,vomit,5.0,food-poisoning,3.0,drunk,4.0,prone,2.0,floor,2.0
359,6393a08fff31ea48f8ca7096,girls,5.0,congratulations,4.0,sport,4.0,sport,4.0,togetherness,2.0
360,6393a08fff31ea48f8ca7096,bird,5.0,oil-slick,4.0,help,4.0,nature,4.0,saviours,3.0
361,6393a08fff31ea48f8ca7096,high-fives,4.0,happy,4.0,group,4.0,cohesion,2.0,feedback,2.0
362,6393a08fff31ea48f8ca7096,pain,4.0,sore-back,5.0,skateboard,5.0,parkour,3.0,boy,5.0
363,6393a08fff31ea48f8ca7096,kim-kardashian,5.0,money,5.0,notes,4.0,smirk,2.0,woman,4.0
364,6393a08fff31ea48f8ca7096,near-miss,4.0,train,5.0,car,5.0,train-track,5.0,railway-crossing,5.0
365,6393a08fff31ea48f8ca7096,police-car,5.0,taxi,5.0,road,5.0,traffic,5.0,illegal-manouvre,2.0
366,6393a08fff31ea48f8ca7096,woman,5.0,politics,5.0,frustration,5.0,bemused,4.0,politician,4.0
367,6393a08fff31ea48f8ca7096,rock,5.0,dangerous,4.0,rider,4.0,death-defying,2.0,intrepid,2.0
368,6393a08fff31ea48f8ca7096,animal,5.0,walking,4.0,carriage,4.0,bystanders,4.0,weird,2.0
369,6393a08fff31ea48f8ca7096,fire,5.0,lithium-battery,1.0,house,5.0,danger,3.0,heart-ache,2.0
370,6393a08fff31ea48f8ca7096,cohesion,3.0,couple,5.0,piano,5.0,music,4.0,married,3.0
371,6393a08fff31ea48f8ca7096,r-rated,4.0,oral-sex,4.0,tongue,4.0,attention,2.0,consensual,3.0
372,6393a08fff31ea48f8ca7096,accident,5.0,victim,4.0,dark-night,4.0,headlights,4.0,cars,5.0
373,6393a08fff31ea48f8ca7096,shop-window,5.0,passing-car,4.0,store,5.0,mirrored-window,3.0,movement,4.0
374,6393a08fff31ea48f8ca7096,dog,5.0,dragged-dog,3.0,tongue-lolling,3.0,animal-abuse,3.0,grass,4.0
375,6393a08fff31ea48f8ca7096,excitement,4.0,goal,5.0,basketball,5.0,men,5.0,speed,4.0
376,6393a08fff31ea48f8ca7096,plane,5.0,cars,5.0,road,5.0,fire,5.0,plane-crash,5.0
377,6393a08fff31ea48f8ca7096,fool-hardy,3.0,speed,4.0,men,5.0,speed-skating,4.0,pre-emptive,2.0
378,6393a08fff31ea48f8ca7096,males,4.0,finger,4.0,robbers,4.0,child-abuse,3.0,actors,4.0
392,5dfc05fa36711f000b2b603e,melted-chocolate,5.0,ball,5.0,strawberry,5.0,dessert,5.0,food,5.0
393,5dfc05fa36711f000b2b603e,raising,5.0,flag,5.0,american,5.0,soldier,5.0,male,4.0
394,5dfc05fa36711f000b2b603e,bus,5.0,punch,5.0,saddening,5.0,enraging,5.0,ran,5.0
395,5dfc05fa36711f000b2b603e,swimming,5.0,saving,5.0,dog,5.0,ice,5.0,wholesome,5.0
396,5dfc05fa36711f000b2b603e,puking,5.0,disgusting,5.0,woman,5.0,floor,4.0,blonde,4.0
397,5dfc05fa36711f000b2b603e,women,4.0,sport,4.0,celebrating,5.0,happy,5.0,victory,3.0
398,5dfc05fa36711f000b2b603e,bird,5.0,saving,2.0,cleaning,2.0,saddening,4.0,safety-clothing,3.0
399,5dfc05fa36711f000b2b603e,awkward,5.0,celebration,4.0,sport,4.0,high-five,5.0,embarrassing,3.0
400,5dfc05fa36711f000b2b603e,skateboard,4.0,trick,4.0,pain,4.0,fall,4.0,boy,2.0
401,5dfc05fa36711f000b2b603e,money,5.0,woman,5.0,rich,5.0,spoilt,5.0,making-it-rain,5.0
402,5dfc05fa36711f000b2b603e,scary,5.0,dumb,5.0,car,5.0,lucky,3.0,train,5.0
403,5dfc05fa36711f000b2b603e,justice,5.0,funny,5.0,police,4.0,karma,4.0,celebration,5.0
404,5dfc05fa36711f000b2b603e,woman,5.0,politician,5.0,smirking,5.0,funny,5.0,cheeky,5.0
405,5dfc05fa36711f000b2b603e,nerve-wracking,5.0,scary,5.0,bike,4.0,dumb,4.0,scary,4.0
406,5dfc05fa36711f000b2b603e,confusing,5.0,fake,5.0,discombobulating,5.0,weird,5.0,ok-sign,4.0
407,5dfc05fa36711f000b2b603e,burning,4.0,house,4.0,scary,5.0,fire,4.0,dangerous,4.0
408,5dfc05fa36711f000b2b603e,old,5.0,couple,5.0,love,4.0,wholesome,4.0,piano,3.0
409,5dfc05fa36711f000b2b603e,lust,4.0,woman,4.0,exciting,4.0,romance,5.0,beautiful,4.0
410,5dfc05fa36711f000b2b603e,shocking,5.0,confusing,5.0,car,5.0,accident,4.0,scary,4.0
411,5dfc05fa36711f000b2b603e,window,4.0,taxi,3.0,restuarant,5.0,reflection,4.0,london,2.0
412,5dfc05fa36711f000b2b603e,dog,5.0,dehydrated,4.0,dragged,4.0,confusing,4.0,dog,4.0
413,5dfc05fa36711f000b2b603e,dunk,5.0,basketball,5.0,exhilarating,5.0,professional-athlete,5.0,skilled,5.0
414,5dfc05fa36711f000b2b603e,plane,5.0,crash,5.0,shocking,5.0,fear,5.0,road,3.0
415,5dfc05fa36711f000b2b603e,funny,5.0,ice-skating,5.0,sport,4.0,olympics,4.0,celebration,4.0
416,5dfc05fa36711f000b2b603e,movie,5.0,revenge,4.0,intruders,4.0,bruises,4.0,biting,4.0
430,5fc27fc4cfd9e3439524a3c2,delicious,5.0,satisfying,4.0,chocolate,3.0,dessert,2.0,sugary-treat,1.0
431,5fc27fc4cfd9e3439524a3c2,war,5.0,victory,4.0,america,3.0,freedom,2.0,democracy,1.0
432,5fc27fc4cfd9e3439524a3c2,attack,5.0,violence,4.0,punch,3.0,unprovoked,2.0,violence,1.0
433,5fc27fc4cfd9e3439524a3c2,rescue,5.0,love,4.0,dog,3.0,best-friend,2.0,cold,1.0
434,5fc27fc4cfd9e3439524a3c2,disgusting,5.0,vomiting,4.0,vomit,3.0,sick,2.0,fetish,1.0
435,5fc27fc4cfd9e3439524a3c2,football,5.0,soccer,4.0,womens-football,3.0,victory,1.0,win,2.0
436,5fc27fc4cfd9e3439524a3c2,rescue,5.0,bird,4.0,vulture,3.0,vet,2.0,veterinary,1.0
437,5fc27fc4cfd9e3439524a3c2,awkward,5.0,embarassing,4.0,weird,3.0,sports,2.0,stadium,1.0
438,5fc27fc4cfd9e3439524a3c2,crippling,3.0,injured,5.0,horrific,4.0,wheelchair-bound,1.0,stupid,2.0
439,5fc27fc4cfd9e3439524a3c2,cash,5.0,money,4.0,kim,3.0,kim-kardashian,2.0,make-it-rain,1.0
440,5fc27fc4cfd9e3439524a3c2,lucky,5.0,luck,4.0,danger,3.0,death,2.0,accident,1.0
441,5fc27fc4cfd9e3439524a3c2,traffic,5.0,road-rage,4.0,police,3.0,accident,2.0,rage,1.0
442,5fc27fc4cfd9e3439524a3c2,germany,5.0,merkel,4.0,leader,3.0,president,2.0,germans,1.0
443,5fc27fc4cfd9e3439524a3c2,impossible,5.0,dangerous,4.0,crazy,3.0,adventure,2.0,adrenaline,1.0
444,5fc27fc4cfd9e3439524a3c2,confusing,5.0,magic,1.0,trick,4.0,special-effects,3.0,edited,2.0
445,5fc27fc4cfd9e3439524a3c2,fire,5.0,burning,4.0,house-burning,3.0,on-fire,2.0,hot,1.0
446,5fc27fc4cfd9e3439524a3c2,love,5.0,elderly,4.0,forever,3.0,death,2.0,marriage,1.0
447,5fc27fc4cfd9e3439524a3c2,oral,5.0,oral-sex,4.0,eating-pussy,3.0,orgasm,2.0,pleasure,1.0
448,5fc27fc4cfd9e3439524a3c2,death,5.0,car-accident,4.0,accident,3.0,women,2.0,driving,1.0
449,5fc27fc4cfd9e3439524a3c2,new-york,5.0,city,4.0,city-life,3.0,cab,2.0,united-states,1.0
450,5fc27fc4cfd9e3439524a3c2,paralysis,5.0,crippled,4.0,unable-to-walk,3.0,puppy,2.0,dog,1.0
451,5fc27fc4cfd9e3439524a3c2,dunk,5.0,nba,4.0,cavs,3.0,basketball,2.0,pro,1.0
452,5fc27fc4cfd9e3439524a3c2,plane-crash,5.0,explosion,4.0,terror,3.0,tragic,2.0,death,1.0
453,5fc27fc4cfd9e3439524a3c2,funny,5.0,deserved,4.0,feel-good,3.0,never-celebrate-too-early,2.0,winner,1.0
454,5fc27fc4cfd9e3439524a3c2,home-alone,5.0,christmas,4.0,christmas-movie,3.0,kevin,2.0,home-alone-the-movie,1.0
468,5de57a5b1017854f8a4efca3,dessert,4.0,chocolate,4.0,sweet,4.0,pudding,3.0,delicious,3.0
469,5de57a5b1017854f8a4efca3,flag,5.0,war,4.0,soldier,4.0,army,4.0,victory,3.0
470,5de57a5b1017854f8a4efca3,attack,4.0,assault,4.0,bus,4.0,crime,3.0,anger,3.0
471,5de57a5b1017854f8a4efca3,rescue,5.0,help,4.0,cold,3.0,compassion,3.0,solitary,2.0
472,5de57a5b1017854f8a4efca3,sick,5.0,gross,4.0,vomit,4.0,grim,2.0,foul,3.0
473,5de57a5b1017854f8a4efca3,celebrate,4.0,happy,4.0,sport,4.0,women,3.0,congratulate,3.0
474,5de57a5b1017854f8a4efca3,oil,5.0,bird,4.0,pelican,3.0,pollution,4.0,spill,3.0
475,5de57a5b1017854f8a4efca3,awkward,4.0,funny,3.0,whoops,2.0,shame,2.0,accident,2.0
476,5de57a5b1017854f8a4efca3,grind,3.0,fall,4.0,skateboard,4.0,ouch,3.0,painful,3.0
477,5de57a5b1017854f8a4efca3,money,4.0,woman,4.0,cash,3.0,pride,2.0,showing-off,3.0
478,5de57a5b1017854f8a4efca3,close,4.0,danger,3.0,peril,3.0,fear,4.0,collision,3.0
479,5de57a5b1017854f8a4efca3,cycle,4.0,bicycle,4.0,cam,3.0,accident,3.0,police,3.0
480,5de57a5b1017854f8a4efca3,hilary,5.0,clinton,4.0,sigh,3.0,perplexed,3.0,resigned,2.0
481,5de57a5b1017854f8a4efca3,cycle,4.0,danger,4.0,peril,3.0,risky,3.0,daredevil,3.0
482,5de57a5b1017854f8a4efca3,sculpture,3.0,art,3.0,modern-art,3.0,freaky,3.0,odd,3.0
483,5de57a5b1017854f8a4efca3,fire,5.0,burn,4.0,ablaze,3.0,fireman,3.0,water,2.0
484,5de57a5b1017854f8a4efca3,couple,4.0,love,4.0,partners,3.0,old,4.0,adore,3.0
485,5de57a5b1017854f8a4efca3,sex,4.0,oral-sex,3.0,cunnilingus,3.0,partner,3.0,intercourse,3.0
486,5de57a5b1017854f8a4efca3,accident,4.0,collide,3.0,car,4.0,night,3.0,dark,3.0
487,5de57a5b1017854f8a4efca3,cafe,4.0,table,3.0,paris,3.0,coffee,3.0,waiter,3.0
488,5de57a5b1017854f8a4efca3,dog,5.0,poorly,4.0,disabled,3.0,pull,4.0,lead,3.0
489,5de57a5b1017854f8a4efca3,slam-dunk,4.0,basketball,5.0,basket,4.0,power,3.0,score,3.0
490,5de57a5b1017854f8a4efca3,crash,5.0,airplane,4.0,disaster,4.0,plane-crash,4.0,horror,3.0
491,5de57a5b1017854f8a4efca3,shame,3.0,beaten,4.0,lost,3.0,showing-off,3.0,embarrassing,3.0
492,5de57a5b1017854f8a4efca3,hom-alone,3.0,burglars,3.0,comedy,3.0,film,3.0,entertainment,3.0
506,5c6c81cf1137e9000178795b,satisfying,4.0,delicious,4.0,sweet,4.0,desert,4.0,tasty,4.0
507,5c6c81cf1137e9000178795b,war,4.0,old,4.0,historic,4.0,dangerous,4.0,divided,3.0
508,5c6c81cf1137e9000178795b,mean,4.0,aggressive,4.0,selfish,4.0,sad,4.0,disgusting,4.0
509,5c6c81cf1137e9000178795b,kind,4.0,helpful,4.0,caring,4.0,cold,4.0,nice,4.0
510,5c6c81cf1137e9000178795b,nasty,5.0,disgusting,4.0,sickening,4.0,repulsive,5.0,unwell,5.0
511,5c6c81cf1137e9000178795b,happy,5.0,friendly,4.0,sporty,4.0,game,4.0,physical,4.0
512,5c6c81cf1137e9000178795b,caring,3.0,pleasant,4.0,kind,4.0,compassionate,4.0,soft,4.0
513,5c6c81cf1137e9000178795b,cheerful,4.0,happy,4.0,togetherness,4.0,glad,4.0,impressed,4.0
514,5c6c81cf1137e9000178795b,dangerous,4.0,hurt,4.0,pain,4.0,sad,4.0,mad,4.0
515,5c6c81cf1137e9000178795b,rich,4.0,celebrity,4.0,cash,4.0,showoff,4.0,careless,4.0
516,5c6c81cf1137e9000178795b,wild,4.0,risky,4.0,dangerous,4.0,hazard,4.0,crazy,5.0
517,5c6c81cf1137e9000178795b,careless,4.0,selfish,4.0,illegal,4.0,risky,4.0,crime,4.0
518,5c6c81cf1137e9000178795b,tired,4.0,irritated,4.0,down,4.0,fedup,4.0,annoyed,4.0
519,5c6c81cf1137e9000178795b,adventurous,4.0,risky,4.0,unsafe,5.0,bold,4.0,reckless,4.0
520,5c6c81cf1137e9000178795b,confusing,4.0,weird,4.0,unclear,4.0,animal,4.0,disabilty,4.0
521,5c6c81cf1137e9000178795b,burning,4.0,fire,4.0,valuables,4.0,life,4.0,danger,4.0
522,5c6c81cf1137e9000178795b,old,4.0,music,4.0,piano,4.0,love,4.0,care,4.0
523,5c6c81cf1137e9000178795b,passion,4.0,love,4.0,interest,4.0,relationship,4.0,sex,4.0
524,5c6c81cf1137e9000178795b,crazy,4.0,danger,4.0,hurt,4.0,pain,4.0,sad,4.0
525,5c6c81cf1137e9000178795b,america,4.0,cab,4.0,restaurant,4.0,food,4.0,relaxation,4.0
526,5c6c81cf1137e9000178795b,dog,4.0,pain,4.0,hurt,4.0,injured,4.0,tired,4.0
527,5c6c81cf1137e9000178795b,excited,5.0,happy,4.0,basketball,4.0,active,4.0,running,4.0
528,5c6c81cf1137e9000178795b,plane,4.0,crash,4.0,explosion,4.0,fire,4.0,injured,5.0
529,5c6c81cf1137e9000178795b,competitive,4.0,sport,4.0,race,4.0,skating,4.0,winning,4.0
530,5c6c81cf1137e9000178795b,danger,4.0,scared,4.0,hurt,4.0,pain,4.0,lonely,4.0
544,5c6e60b04e08ad00018cc995,chocolate,5.0,pudding,5.0,melting,4.0,sauce,5.0,fruit,3.0
545,5c6e60b04e08ad00018cc995,war,5.0,american,5.0,flag,5.0,film,4.0,black-and-white,4.0
546,5c6e60b04e08ad00018cc995,bus,5.0,driver,5.0,men,4.0,assault,4.0,night,4.0
547,5c6e60b04e08ad00018cc995,goat,5.0,ice,5.0,sea,5.0,rescue,5.0,boat,4.0
548,5c6e60b04e08ad00018cc995,woman,5.0,vomit,4.0,party,4.0,lting-down,4.0,black-dress,4.0
549,5c6e60b04e08ad00018cc995,women,5.0,football,4.0,match,4.0,outside,3.0,competition,3.0
550,5c6e60b04e08ad00018cc995,peligan,5.0,oil,4.0,cleaning,4.0,contaminaton,3.0,rescue,3.0
551,5c6e60b04e08ad00018cc995,celebration,3.0,winning,3.0,crowd,4.0,congratulate,3.0,hat,3.0
552,5c6e60b04e08ad00018cc995,boy,5.0,skateboard,5.0,trick,4.0,fall,4.0,hurt,4.0
553,5c6e60b04e08ad00018cc995,fast,3.0,action,2.0,missed,2.0,nothing,2.0,black,2.0
554,5c6e60b04e08ad00018cc995,train,5.0,crossing,5.0,car,5.0,fence,5.0,missed,3.0
555,5c6e60b04e08ad00018cc995,car,5.0,turning,4.0,police,5.0,traffic,4.0,sign,3.0
556,5c6e60b04e08ad00018cc995,hilary,5.0,clinton,5.0,mocking,2.0,face,3.0,microphone,4.0
557,5c6e60b04e08ad00018cc995,mountain,5.0,steep,5.0,man,5.0,moving,3.0,dangerous,4.0
558,5c6e60b04e08ad00018cc995,wheelchair,3.0,odd,3.0,mechanical,3.0,spooky,3.0,unnatural,3.0
559,5c6e60b04e08ad00018cc995,fire,5.0,pool,4.0,trees,4.0,smoke,4.0,condo,3.0
560,5c6e60b04e08ad00018cc995,old,5.0,man,4.0,woman,4.0,love,4.0,happy,3.0
561,5c6e60b04e08ad00018cc995,erotic,3.0,sex,3.0,woman,3.0,man,3.0,legs,3.0
562,5c6e60b04e08ad00018cc995,night,4.0,dark,4.0,headlights,4.0,cars,4.0,accident,4.0
563,5c6e60b04e08ad00018cc995,cafe,4.0,night,4.0,cars,4.0,empty,4.0,lights,3.0
564,5c6e60b04e08ad00018cc995,dog,5.0,injured,5.0,drag,3.0,lead,3.0,pain,3.0
565,5c6e60b04e08ad00018cc995,23,3.0,basketball,5.0,score,4.0,celebrate,4.0,happy,3.0
566,5c6e60b04e08ad00018cc995,plane,5.0,crash,5.0,road,4.0,clouds,4.0,cars,3.0
567,5c6e60b04e08ad00018cc995,skating,5.0,race,4.0,win,3.0,surprise,3.0,victory,3.0
568,5c6e60b04e08ad00018cc995,home-alone,4.0,boy,4.0,villans,4.0,burglar,3.0,scary,3.0
582,5fb2727f2942a58418fd0d2b,chcocolate,5.0,melt,5.0,dessert,5.0,icecream,5.0,delicious,4.0
583,5fb2727f2942a58418fd0d2b,war,5.0,victory,5.0,soldiers,5.0,unitedstates,5.0,dangerous,4.0
584,5fb2727f2942a58418fd0d2b,assault,5.0,security,5.0,violence,5.0,abuse,5.0,injury,5.0
585,5fb2727f2942a58418fd0d2b,ice,5.0,rescue,5.0,determination,5.0,animal,5.0,ocean,5.0
586,5fb2727f2942a58418fd0d2b,vomiting,5.0,floor,5.0,sick,5.0,woman,5.0,intoxicated,3.0
587,5fb2727f2942a58418fd0d2b,happy,5.0,soccer,3.0,team,5.0,victory,4.0,score,4.0
588,5fb2727f2942a58418fd0d2b,bird,4.0,resce,5.0,volunteers,3.0,beak,5.0,injured,4.0
589,5fb2727f2942a58418fd0d2b,happy,5.0,clap,5.0,winning,4.0,supporters,5.0,smile,5.0
590,5fb2727f2942a58418fd0d2b,clumpsy,5.0,risk,4.0,amateur,4.0,play,5.0,fall,5.0
591,5fb2727f2942a58418fd0d2b,money,5.0,female,5.0,exciting,5.0,rich,4.0,lie,3.0
592,5fb2727f2942a58418fd0d2b,car,5.0,train,5.0,tracks,5.0,dangerous,5.0,survived,5.0
593,5fb2727f2942a58418fd0d2b,taxi,5.0,police,5.0,getaway,4.0,road,5.0,illegal,5.0
594,5fb2727f2942a58418fd0d2b,lady,5.0,mic,5.0,annoyed,3.0,amused,3.0,confused,4.0
595,5fb2727f2942a58418fd0d2b,deadly,5.0,dangerous,5.0,sandy,4.0,rocky,4.0,daring,5.0
596,5fb2727f2942a58418fd0d2b,peculiar,5.0,animal,5.0,assistance,4.0,wheels,5.0,walking,5.0
597,5fb2727f2942a58418fd0d2b,fire,5.0,destructive,5.0,pool,5.0,houses,5.0,flames,5.0
598,5fb2727f2942a58418fd0d2b,couple,4.0,love,4.0,loss,3.0,piano,3.0,old,5.0
599,5fb2727f2942a58418fd0d2b,pleasure,4.0,female,4.0,satisfaction,4.0,sexual,3.0,feel-good,4.0
600,5fb2727f2942a58418fd0d2b,speed,4.0,wet-road,5.0,body,5.0,accident,4.0,dark,5.0
601,5fb2727f2942a58418fd0d2b,taxi,5.0,restaurant,3.0,coffee-shop,4.0,table,5.0,chairs,5.0
602,5fb2727f2942a58418fd0d2b,dog,5.0,injured,4.0,leash,5.0,spotted-animal,5.0,tired,3.0
603,5fb2727f2942a58418fd0d2b,basketball,5.0,score,5.0,excited,4.0,tired,3.0,game,5.0
604,5fb2727f2942a58418fd0d2b,crash,5.0,technical-error,3.0,dead-bodies,5.0,aeroplane,5.0,fear,5.0
605,5fb2727f2942a58418fd0d2b,competition,5.0,rollerblading,5.0,helmet,5.0,dangerous,4.0,competitors,5.0
606,5fb2727f2942a58418fd0d2b,home-alone,5.0,movie,5.0,christmas,5.0,thieves,5.0,boy,5.0
620,609d2eaec9e14148cf83ab33,dessert,3.0,chocolate,5.0,caramel,3.0,fruit,3.0,dish,2.0
621,609d2eaec9e14148cf83ab33,troops,4.0,flag,5.0,america,4.0,men,4.0,lift,3.0
622,609d2eaec9e14148cf83ab33,table,3.0,desk,4.0,chair,4.0,working,3.0,men,4.0
623,609d2eaec9e14148cf83ab33,swimming,3.0,boat,4.0,goat,4.0,rescue,3.0,men,4.0
624,609d2eaec9e14148cf83ab33,vomit,3.0,woman,4.0,floor,3.0,dress,4.0,blonde,3.0
625,609d2eaec9e14148cf83ab33,hug,4.0,women,4.0,sport,3.0,gear,4.0,happy,3.0
626,609d2eaec9e14148cf83ab33,bird,3.0,water,3.0,women,3.0,yellow,3.0,blue,2.0
627,609d2eaec9e14148cf83ab33,clapping,4.0,confused,3.0,woman,3.0,men,3.0,sport,3.0
628,609d2eaec9e14148cf83ab33,skateboard,4.0,boy,3.0,trip,3.0,fall,4.0,hurt,3.0
629,609d2eaec9e14148cf83ab33,money,5.0,rich,4.0,lady,3.0,kim,3.0,kardashian,4.0
630,609d2eaec9e14148cf83ab33,car,4.0,train,3.0,fence,4.0,black,3.0,grey,2.0
631,609d2eaec9e14148cf83ab33,road,3.0,cars,4.0,pedestrians,3.0,police,4.0,buildings,3.0
632,609d2eaec9e14148cf83ab33,blinking,3.0,woman,3.0,white,4.0,blonde,3.0,mike,3.0
633,609d2eaec9e14148cf83ab33,dry,3.0,red,3.0,bike,3.0,biker,3.0,mountain,3.0
634,609d2eaec9e14148cf83ab33,hands,3.0,black,3.0,wheels,3.0,legs,3.0,men,3.0
635,609d2eaec9e14148cf83ab33,fire,5.0,trees,4.0,smoke,5.0,danger,2.0,green,3.0
636,609d2eaec9e14148cf83ab33,woman,3.0,man,3.0,old,5.0,grandparents,3.0,grey-hair,3.0
637,609d2eaec9e14148cf83ab33,man,3.0,woman,3.0,intimate,3.0,sex,3.0,hands,3.0
638,609d2eaec9e14148cf83ab33,dark,3.0,night,4.0,night,3.0,man,4.0,lights,3.0
639,609d2eaec9e14148cf83ab33,tables,4.0,chairs,3.0,restaurant,3.0,window,3.0,outside,3.0
640,609d2eaec9e14148cf83ab33,dog,3.0,leach,3.0,tongue,3.0,legs,3.0,crowl,3.0
641,609d2eaec9e14148cf83ab33,men,3.0,sport,3.0,basketbal,3.0,hoop,4.0,happy,3.0
642,609d2eaec9e14148cf83ab33,plane,3.0,vehicle,3.0,crash,4.0,fire,4.0,smoke,3.0
643,609d2eaec9e14148cf83ab33,skate,3.0,line,3.0,men,3.0,two,3.0,fast,3.0
644,609d2eaec9e14148cf83ab33,two,3.0,men,3.0,one,3.0,child,3.0,white,3.0
658,601951245f481e000980504f,happy,5.0,nice,4.0,suger,5.0,comfort,5.0,delicious,4.0
659,601951245f481e000980504f,fight,5.0,goverment,5.0,take-over,4.0,kill,5.0,homeless,5.0
660,601951245f481e000980504f,wrong,5.0,why,3.0,calm,3.0,run,3.0,where,4.0
661,601951245f481e000980504f,cold,5.0,freezing,5.0,scared,5.0,ice,5.0,sea,5.0
662,601951245f481e000980504f,drunk,4.0,sick,4.0,pain,5.0,embarrassment,5.0,fell,3.0
663,601951245f481e000980504f,exciting,5.0,happy,4.0,fun,4.0,run,5.0,win,3.0
664,601951245f481e000980504f,help,4.0,scared,5.0,batter,4.0,fly,5.0,high,4.0
665,601951245f481e000980504f,ball,3.0,scared,4.0,cold,3.0,home,3.0,relax,3.0
666,601951245f481e000980504f,pain,5.0,regret,5.0,jump,4.0,play,5.0,doctor,4.0
667,601951245f481e000980504f,money,5.0,promblams,2.0,happy,4.0,worried,2.0,excitement,5.0
668,601951245f481e000980504f,close,5.0,death,4.0,sad,5.0,stuped,3.0,scary,5.0
669,601951245f481e000980504f,back-fire,5.0,ok,2.0,regret,4.0,shame,4.0,run,1.0
670,601951245f481e000980504f,relaxed,4.0,worried,2.0,care,2.0,happy,2.0,under-control,3.0
671,601951245f481e000980504f,how,5.0,beautiful,5.0,scary,5.0,play,2.0,fun,4.0
672,601951245f481e000980504f,confused,4.0,what,4.0,trick,4.0,hospital,3.0,joke,3.0
673,601951245f481e000980504f,insurance,2.0,cry,4.0,homeless,4.0,smoke,3.0,danger,4.0
674,601951245f481e000980504f,nice,4.0,lovely,5.0,dream,4.0,beautiful,5.0,love,4.0
675,601951245f481e000980504f,sex,5.0,oral,4.0,unexpected,2.0,porn,4.0,female,1.0
676,601951245f481e000980504f,drunk,5.0,death,4.0,hospital,4.0,stop,4.0,pull-over,4.0
677,601951245f481e000980504f,coffee,5.0,food,4.0,tea,4.0,city,2.0,taxi,2.0
678,601951245f481e000980504f,joy,3.0,friend,3.0,safe,2.0,walk,4.0,park,3.0
679,601951245f481e000980504f,play,4.0,jump,4.0,fun,4.0,enjoy,5.0,win,4.0
680,601951245f481e000980504f,strong-wind,4.0,tragedy,5.0,fire,4.0,death,4.0,no-surviver,4.0
681,601951245f481e000980504f,skill,4.0,pushing,3.0,stuped,2.0,go,5.0,watchout,4.0
682,601951245f481e000980504f,home-alone,4.0,kick,4.0,scream,2.0,movie,4.0,kinds,2.0
696,5d51d781dc299300183ce5e2,dessert,4.0,chocolate,3.0,melting,3.0,icecream,3.0,pouring,3.0
697,5d51d781dc299300183ce5e2,war,4.0,victory,5.0,flag,4.0,history,4.0,overcome,3.0
698,5d51d781dc299300183ce5e2,cctv,5.0,bus,5.0,random,4.0,violence,5.0,driver,5.0
699,5d51d781dc299300183ce5e2,dog,5.0,rescue,5.0,found,4.0,cold,4.0,ice,5.0
700,5d51d781dc299300183ce5e2,vomit,4.0,lie,5.0,woman,4.0,drunk,3.0,chuck,4.0
701,5d51d781dc299300183ce5e2,celebrate,4.0,womans,4.0,sport,4.0,goal,5.0,football,4.0
702,5d51d781dc299300183ce5e2,oil,5.0,spill,5.0,wildlife,5.0,saving,4.0,greenpeace,3.0
703,5d51d781dc299300183ce5e2,dumb,3.0,clueless,3.0,blonde,3.0,high5,2.0,bimbo,5.0
704,5d51d781dc299300183ce5e2,fail,4.0,sore,4.0,back,5.0,skate,4.0,boarding,4.0
705,5d51d781dc299300183ce5e2,kim,4.0,cash,4.0,kardashion,5.0,cash,5.0,pimp,3.0
706,5d51d781dc299300183ce5e2,close,4.0,railway,3.0,train,4.0,car,4.0,phew,4.0
707,5d51d781dc299300183ce5e2,instant,5.0,karma,4.0,cops,5.0,cyclist,3.0,dumb,3.0
708,5d51d781dc299300183ce5e2,hillary,4.0,clinton,4.0,womans,4.0,whatever,3.0,dissapprove,4.0
709,5d51d781dc299300183ce5e2,silly,4.0,death,4.0,fall,3.0,thrill,3.0,bmx,3.0
710,5d51d781dc299300183ce5e2,art,4.0,weird,4.0,unknown,3.0,creature,4.0,man,2.0
711,5d51d781dc299300183ce5e2,fire,3.0,loss,3.0,house,3.0,beach,3.0,smoke,3.0
712,5d51d781dc299300183ce5e2,love,4.0,together,3.0,close,4.0,remember,3.0,old,4.0
713,5d51d781dc299300183ce5e2,head,4.0,massage,3.0,hair,4.0,relax,3.0,feel,3.0
714,5d51d781dc299300183ce5e2,road,4.0,dark,3.0,unexpected,4.0,killed,4.0,shock,5.0
715,5d51d781dc299300183ce5e2,nyc,5.0,cafe,5.0,relaxed,4.0,reflection,4.0,cab,3.0
716,5d51d781dc299300183ce5e2,determination,4.0,dog,5.0,lead,3.0,walk,3.0,saved,3.0
717,5d51d781dc299300183ce5e2,win,3.0,slam,5.0,basketball,5.0,dunk,3.0,scoring,3.0
718,5d51d781dc299300183ce5e2,crashing,4.0,shocked,5.0,falling,5.0,death,5.0,disbelief,5.0
719,5d51d781dc299300183ce5e2,fail,4.0,early,4.0,dumb,4.0,skating,4.0,second,4.0
720,5d51d781dc299300183ce5e2,classic,4.0,homealone,5.0,christmas,4.0,biting,4.0,baddies,5.0
734,6396bb918bf9a1542d56c382,chocolate,5.0,melt,5.0,expensive,2.0,fancy,3.0,dessert,4.0
735,6396bb918bf9a1542d56c382,flag,4.0,victory,3.0,iwo-jima,2.0,usa,3.0,world-war-2,3.0
736,6396bb918bf9a1542d56c382,bastard,2.0,thug,3.0,scum,2.0,violence,3.0,enraging,2.0
737,6396bb918bf9a1542d56c382,kind,3.0,caring,2.0,rescue,3.0,heartwarming,2.0,dog,2.0
738,6396bb918bf9a1542d56c382,funny,2.0,absurd,2.0,ridiculous,2.0,intriguing,2.0,lynchian,1.0
739,6396bb918bf9a1542d56c382,women,3.0,sport,2.0,team,2.0,goal,2.0,win,3.0
740,6396bb918bf9a1542d56c382,pelican,2.0,oil,3.0,environmental-damage,2.0,environment,2.0,disaster,2.0
741,6396bb918bf9a1542d56c382,awkward,4.0,social-skills,2.0,crowd,2.0,sports,2.0,high-five,3.0
742,6396bb918bf9a1542d56c382,ow,3.0,pain,4.0,ouch,2.0,sore,2.0,stack,3.0
743,6396bb918bf9a1542d56c382,kim,3.0,cash,3.0,kardashian,3.0,kim-k,2.0,armenian,2.0
744,6396bb918bf9a1542d56c382,idiot,3.0,lucky,3.0,train,3.0,prius,2.0,near-miss,3.0
745,6396bb918bf9a1542d56c382,annoying,3.0,road-rage,3.0,inconsiderate,3.0,hustle-and-bustle,1.0,turning,2.0
746,6396bb918bf9a1542d56c382,bemused,3.0,hillary,3.0,aloof,3.0,smug,2.0,defensive,2.0
747,6396bb918bf9a1542d56c382,impossible,3.0,incredible,3.0,amazing,3.0,dangerous,3.0,extreme,3.0
748,6396bb918bf9a1542d56c382,confusing,4.0,strange,4.0,uncanny,2.0,bizarre,3.0,robot,2.0
749,6396bb918bf9a1542d56c382,fire,5.0,pool,3.0,hollywood,2.0,mansion,2.0,firefighters,3.0
750,6396bb918bf9a1542d56c382,love,5.0,cosy,4.0,romantic,3.0,comfort,3.0,old,3.0
751,6396bb918bf9a1542d56c382,nasty,3.0,gross,2.0,uncalledfor,2.0,sex,3.0,woman,3.0
752,6396bb918bf9a1542d56c382,idiot,3.0,why,3.0,unbelievable,3.0,dismay,2.0,night,2.0
753,6396bb918bf9a1542d56c382,coffee,3.0,spaghetti,3.0,bar,3.0,new-york,3.0,italian,3.0
754,6396bb918bf9a1542d56c382,ambiguous,3.0,unknowable,3.0,dog,3.0,paralysed,3.0,pitbull,2.0
755,6396bb918bf9a1542d56c382,slam-dunk,3.0,basketball,4.0,showboat,2.0,lights,2.0,stadium,2.0
756,6396bb918bf9a1542d56c382,aborted-takeoff,1.0,plane-crash,4.0,disaster,4.0,explosion,3.0,falling,3.0
757,6396bb918bf9a1542d56c382,premature-celebration,4.0,showboating,2.0,rollerscating,3.0,pipped,2.0,snatched,2.0
758,6396bb918bf9a1542d56c382,suspicious,3.0,inappropriate,3.0,surprising,3.0,finger,3.0,mouth,3.0
